Date;P1;Q1;P2;Q2;P3;Q3;;
22.07.2017 00:00;1.266666667;0;1.266666667;0;1.266666667;0;;
22.07.2017 00:01;3.446666667;0;3.446666667;0;3.446666667;0;;
22.07.2017 00:02;3.81;0;3.81;0;3.81;0;;
22.07.2017 00:03;5.116666667;0;5.116666667;0;5.116666667;0;;
22.07.2017 00:04;7.576666667;0;7.576666667;0;7.576666667;0;;
22.07.2017 00:05;7.143333333;0;7.143333333;0;7.143333333;0;;
22.07.2017 00:06;7.116666667;0;7.116666667;0;7.116666667;0;;
22.07.2017 00:07;7.1;0;7.1;0;7.1;0;;
22.07.2017 00:08;6.626666667;0;6.626666667;0;6.626666667;0;;
22.07.2017 00:09;6.653333333;0;6.653333333;0;6.653333333;0;;
22.07.2017 00:10;6.663333333;0;6.663333333;0;6.663333333;0;;
22.07.2017 00:11;6.626666667;0;6.626666667;0;6.626666667;0;;
22.07.2017 00:12;6.396666667;0;6.396666667;0;6.396666667;0;;
22.07.2017 00:13;6.396666667;0;6.396666667;0;6.396666667;0;;
22.07.2017 00:14;6.373333333;0;6.373333333;0;6.373333333;0;;
22.07.2017 00:15;6.376666667;0;6.376666667;0;6.376666667;0;;
22.07.2017 00:16;6.403333333;0;6.403333333;0;6.403333333;0;;
22.07.2017 00:17;6.423333333;0;6.423333333;0;6.423333333;0;;
22.07.2017 00:18;6.41;0;6.41;0;6.41;0;;
22.07.2017 00:19;6.396666667;0;6.396666667;0;6.396666667;0;;
22.07.2017 00:20;6.403333333;0;6.403333333;0;6.403333333;0;;
22.07.2017 00:21;6.426666667;0;6.426666667;0;6.426666667;0;;
22.07.2017 00:22;6.39;0;6.39;0;6.39;0;;
22.07.2017 00:23;6.4;0;6.4;0;6.4;0;;
22.07.2017 00:24;6.39;0;6.39;0;6.39;0;;
22.07.2017 00:25;6.41;0;6.41;0;6.41;0;;
22.07.2017 00:26;6.383333333;0;6.383333333;0;6.383333333;0;;
22.07.2017 00:27;6.373333333;0;6.373333333;0;6.373333333;0;;
22.07.2017 00:28;6.426666667;0;6.426666667;0;6.426666667;0;;
22.07.2017 00:29;6.4;0;6.4;0;6.4;0;;
22.07.2017 00:30;6.396666667;0;6.396666667;0;6.396666667;0;;
22.07.2017 00:31;6.413333333;0;6.413333333;0;6.413333333;0;;
22.07.2017 00:32;7.613333333;0;7.613333333;0;7.613333333;0;;
22.07.2017 00:33;7.586666667;0;7.586666667;0;7.586666667;0;;
22.07.2017 00:34;7.6;0;7.6;0;7.6;0;;
22.07.2017 00:35;7.576666667;0;7.576666667;0;7.576666667;0;;
22.07.2017 00:36;7.116666667;0;7.116666667;0;7.116666667;0;;
22.07.2017 00:37;7.103333333;0;7.103333333;0;7.103333333;0;;
22.07.2017 00:38;7.11;0;7.11;0;7.11;0;;
22.07.2017 00:39;6.89;0;6.89;0;6.89;0;;
22.07.2017 00:40;6.903333333;0;6.903333333;0;6.903333333;0;;
22.07.2017 00:41;6.89;0;6.89;0;6.89;0;;
22.07.2017 00:42;6.886666667;0;6.886666667;0;6.886666667;0;;
22.07.2017 00:43;6.41;0;6.41;0;6.41;0;;
22.07.2017 00:44;6.42;0;6.42;0;6.42;0;;
22.07.2017 00:45;6.423333333;0;6.423333333;0;6.423333333;0;;
22.07.2017 00:46;6.423333333;0;6.423333333;0;6.423333333;0;;
22.07.2017 00:47;6.383333333;0;6.383333333;0;6.383333333;0;;
22.07.2017 00:48;6.423333333;0;6.423333333;0;6.423333333;0;;
22.07.2017 00:49;6.426666667;0;6.426666667;0;6.426666667;0;;
22.07.2017 00:50;6.423333333;0;6.423333333;0;6.423333333;0;;
22.07.2017 00:51;6.416666667;0;6.416666667;0;6.416666667;0;;
22.07.2017 00:52;6.19;0;6.19;0;6.19;0;;
22.07.2017 00:53;6.18;0;6.18;0;6.18;0;;
22.07.2017 00:54;6.16;0;6.16;0;6.16;0;;
22.07.2017 00:55;6.17;0;6.17;0;6.17;0;;
22.07.2017 00:56;6.196666667;0;6.196666667;0;6.196666667;0;;
22.07.2017 00:57;6.173333333;0;6.173333333;0;6.173333333;0;;
22.07.2017 00:58;6.183333333;0;6.183333333;0;6.183333333;0;;
22.07.2017 00:59;6.166666667;0;6.166666667;0;6.166666667;0;;
22.07.2017 01:00;6.19;0;6.19;0;6.19;0;;
22.07.2017 01:01;6.17;0;6.17;0;6.17;0;;
22.07.2017 01:02;6.19;0;6.19;0;6.19;0;;
22.07.2017 01:03;6.17;0;6.17;0;6.17;0;;
22.07.2017 01:04;6.193333333;0;6.193333333;0;6.193333333;0;;
22.07.2017 01:05;6.2;0;6.2;0;6.2;0;;
22.07.2017 01:06;6.206666667;0;6.206666667;0;6.206666667;0;;
22.07.2017 01:07;6.166666667;0;6.166666667;0;6.166666667;0;;
22.07.2017 01:08;6.186666667;0;6.186666667;0;6.186666667;0;;
22.07.2017 01:09;6.196666667;0;6.196666667;0;6.196666667;0;;
22.07.2017 01:10;6.193333333;0;6.193333333;0;6.193333333;0;;
22.07.2017 01:11;6.17;0;6.17;0;6.17;0;;
22.07.2017 01:12;6.176666667;0;6.176666667;0;6.176666667;0;;
22.07.2017 01:13;6.183333333;0;6.183333333;0;6.183333333;0;;
22.07.2017 01:14;7.616666667;0;7.616666667;0;7.616666667;0;;
22.07.2017 01:15;7.616666667;0;7.616666667;0;7.616666667;0;;
22.07.2017 01:16;7.126666667;0;7.126666667;0;7.126666667;0;;
22.07.2017 01:17;7.14;0;7.14;0;7.14;0;;
22.07.2017 01:18;7.143333333;0;7.143333333;0;7.143333333;0;;
22.07.2017 01:19;7.133333333;0;7.133333333;0;7.133333333;0;;
22.07.2017 01:20;7.136666667;0;7.136666667;0;7.136666667;0;;
22.07.2017 01:21;7.133333333;0;7.133333333;0;7.133333333;0;;
22.07.2017 01:22;7.133333333;0;7.133333333;0;7.133333333;0;;
22.07.2017 01:23;7.14;0;7.14;0;7.14;0;;
22.07.2017 01:24;7.133333333;0;7.133333333;0;7.133333333;0;;
22.07.2017 01:25;7.146666667;0;7.146666667;0;7.146666667;0;;
22.07.2017 01:26;7.143333333;0;7.143333333;0;7.143333333;0;;
22.07.2017 01:27;7.133333333;0;7.133333333;0;7.133333333;0;;
22.07.2017 01:28;7.143333333;0;7.143333333;0;7.143333333;0;;
22.07.2017 01:29;7.16;0;7.16;0;7.16;0;;
22.07.2017 01:30;7.136666667;0;7.136666667;0;7.136666667;0;;
22.07.2017 01:31;7.126666667;0;7.126666667;0;7.126666667;0;;
22.07.2017 01:32;7.14;0;7.14;0;7.14;0;;
22.07.2017 01:33;6.903333333;0;6.903333333;0;6.903333333;0;;
22.07.2017 01:34;6.876666667;0;6.876666667;0;6.876666667;0;;
22.07.2017 01:35;6.903333333;0;6.903333333;0;6.903333333;0;;
22.07.2017 01:36;6.41;0;6.41;0;6.41;0;;
22.07.2017 01:37;6.44;0;6.44;0;6.44;0;;
22.07.2017 01:38;6.406666667;0;6.406666667;0;6.406666667;0;;
22.07.2017 01:39;6.406666667;0;6.406666667;0;6.406666667;0;;
22.07.2017 01:40;6.43;0;6.43;0;6.43;0;;
22.07.2017 01:41;6.403333333;0;6.403333333;0;6.403333333;0;;
22.07.2017 01:42;6.416666667;0;6.416666667;0;6.416666667;0;;
22.07.2017 01:43;6.426666667;0;6.426666667;0;6.426666667;0;;
22.07.2017 01:44;6.43;0;6.43;0;6.43;0;;
22.07.2017 01:45;6.43;0;6.43;0;6.43;0;;
22.07.2017 01:46;6.41;0;6.41;0;6.41;0;;
22.07.2017 01:47;6.426666667;0;6.426666667;0;6.426666667;0;;
22.07.2017 01:48;6.423333333;0;6.423333333;0;6.423333333;0;;
22.07.2017 01:49;6.423333333;0;6.423333333;0;6.423333333;0;;
22.07.2017 01:50;6.426666667;0;6.426666667;0;6.426666667;0;;
22.07.2017 01:51;6.416666667;0;6.416666667;0;6.416666667;0;;
22.07.2017 01:52;6.426666667;0;6.426666667;0;6.426666667;0;;
22.07.2017 01:53;6.433333333;0;6.433333333;0;6.433333333;0;;
22.07.2017 01:54;6.416666667;0;6.416666667;0;6.416666667;0;;
22.07.2017 01:55;6.423333333;0;6.423333333;0;6.423333333;0;;
22.07.2017 01:56;6.423333333;0;6.423333333;0;6.423333333;0;;
22.07.2017 01:57;6.41;0;6.41;0;6.41;0;;
22.07.2017 01:58;6.436666667;0;6.436666667;0;6.436666667;0;;
22.07.2017 01:59;6.426666667;0;6.426666667;0;6.426666667;0;;
22.07.2017 02:00;6.433333333;0;6.433333333;0;6.433333333;0;;
22.07.2017 02:01;6.42;0;6.42;0;6.42;0;;
22.07.2017 02:02;6.416666667;0;6.416666667;0;6.416666667;0;;
22.07.2017 02:03;6.44;0;6.44;0;6.44;0;;
22.07.2017 02:04;6.436666667;0;6.436666667;0;6.436666667;0;;
22.07.2017 02:05;6.596666667;0;6.596666667;0;6.596666667;0;;
22.07.2017 02:06;7.62;0;7.62;0;7.62;0;;
22.07.2017 02:07;7.61;0;7.61;0;7.61;0;;
22.07.2017 02:08;7.623333333;0;7.623333333;0;7.623333333;0;;
22.07.2017 02:09;7.143333333;0;7.143333333;0;7.143333333;0;;
22.07.2017 02:10;7.153333333;0;7.153333333;0;7.153333333;0;;
22.07.2017 02:11;7.156666667;0;7.156666667;0;7.156666667;0;;
22.07.2017 02:12;7.146666667;0;7.146666667;0;7.146666667;0;;
22.07.2017 02:13;7.156666667;0;7.156666667;0;7.156666667;0;;
22.07.2017 02:14;6.91;0;6.91;0;6.91;0;;
22.07.2017 02:15;6.903333333;0;6.903333333;0;6.903333333;0;;
22.07.2017 02:16;6.906666667;0;6.906666667;0;6.906666667;0;;
22.07.2017 02:17;6.92;0;6.92;0;6.92;0;;
22.07.2017 02:18;6.9;0;6.9;0;6.9;0;;
22.07.2017 02:19;6.91;0;6.91;0;6.91;0;;
22.07.2017 02:20;6.893333333;0;6.893333333;0;6.893333333;0;;
22.07.2017 02:21;6.913333333;0;6.913333333;0;6.913333333;0;;
22.07.2017 02:22;6.926666667;0;6.926666667;0;6.926666667;0;;
22.07.2017 02:23;6.923333333;0;6.923333333;0;6.923333333;0;;
22.07.2017 02:24;6.95;0;6.95;0;6.95;0;;
22.07.2017 02:25;6.93;0;6.93;0;6.93;0;;
22.07.2017 02:26;6.92;0;6.92;0;6.92;0;;
22.07.2017 02:27;6.926666667;0;6.926666667;0;6.926666667;0;;
22.07.2017 02:28;6.926666667;0;6.926666667;0;6.926666667;0;;
22.07.2017 02:29;6.923333333;0;6.923333333;0;6.923333333;0;;
22.07.2017 02:30;6.913333333;0;6.913333333;0;6.913333333;0;;
22.07.2017 02:31;6.91;0;6.91;0;6.91;0;;
22.07.2017 02:32;6.92;0;6.92;0;6.92;0;;
22.07.2017 02:33;6.913333333;0;6.913333333;0;6.913333333;0;;
22.07.2017 02:34;6.923333333;0;6.923333333;0;6.923333333;0;;
22.07.2017 02:35;6.913333333;0;6.913333333;0;6.913333333;0;;
22.07.2017 02:36;6.93;0;6.93;0;6.93;0;;
22.07.2017 02:37;6.933333333;0;6.933333333;0;6.933333333;0;;
22.07.2017 02:38;6.946666667;0;6.946666667;0;6.946666667;0;;
22.07.2017 02:39;6.943333333;0;6.943333333;0;6.943333333;0;;
22.07.2017 02:40;6.906666667;0;6.906666667;0;6.906666667;0;;
22.07.2017 02:41;6.936666667;0;6.936666667;0;6.936666667;0;;
22.07.2017 02:42;6.9;0;6.9;0;6.9;0;;
22.07.2017 02:43;6.91;0;6.91;0;6.91;0;;
22.07.2017 02:44;6.926666667;0;6.926666667;0;6.926666667;0;;
22.07.2017 02:45;6.93;0;6.93;0;6.93;0;;
22.07.2017 02:46;6.913333333;0;6.913333333;0;6.913333333;0;;
22.07.2017 02:47;6.926666667;0;6.926666667;0;6.926666667;0;;
22.07.2017 02:48;6.916666667;0;6.916666667;0;6.916666667;0;;
22.07.2017 02:49;6.93;0;6.93;0;6.93;0;;
22.07.2017 02:50;6.923333333;0;6.923333333;0;6.923333333;0;;
22.07.2017 02:51;6.936666667;0;6.936666667;0;6.936666667;0;;
22.07.2017 02:52;6.933333333;0;6.933333333;0;6.933333333;0;;
22.07.2017 02:53;6.913333333;0;6.913333333;0;6.913333333;0;;
22.07.2017 02:54;6.906666667;0;6.906666667;0;6.906666667;0;;
22.07.2017 02:55;6.906666667;0;6.906666667;0;6.906666667;0;;
22.07.2017 02:56;6.906666667;0;6.906666667;0;6.906666667;0;;
22.07.2017 02:57;6.923333333;0;6.923333333;0;6.923333333;0;;
22.07.2017 02:58;6.916666667;0;6.916666667;0;6.916666667;0;;
22.07.2017 02:59;6.933333333;0;6.933333333;0;6.933333333;0;;
22.07.2017 03:00;6.926666667;0;6.926666667;0;6.926666667;0;;
22.07.2017 03:01;6.923333333;0;6.923333333;0;6.923333333;0;;
22.07.2017 03:02;6.933333333;0;6.933333333;0;6.933333333;0;;
22.07.2017 03:03;6.923333333;0;6.923333333;0;6.923333333;0;;
22.07.2017 03:04;6.943333333;0;6.943333333;0;6.943333333;0;;
22.07.2017 03:05;6.946666667;0;6.946666667;0;6.946666667;0;;
22.07.2017 03:06;6.956666667;0;6.956666667;0;6.956666667;0;;
22.07.2017 03:07;6.453333333;0;6.453333333;0;6.453333333;0;;
22.07.2017 03:08;6.453333333;0;6.453333333;0;6.453333333;0;;
22.07.2017 03:09;6.453333333;0;6.453333333;0;6.453333333;0;;
22.07.2017 03:10;4.303333333;0;4.303333333;0;4.303333333;0;;
22.07.2017 03:11;6.45;0;6.45;0;6.45;0;;
22.07.2017 03:12;6.446666667;0;6.446666667;0;6.446666667;0;;
22.07.2017 03:13;6.46;0;6.46;0;6.46;0;;
22.07.2017 03:14;6.453333333;0;6.453333333;0;6.453333333;0;;
22.07.2017 03:15;6.443333333;0;6.443333333;0;6.443333333;0;;
22.07.2017 03:16;6.463333333;0;6.463333333;0;6.463333333;0;;
22.07.2017 03:17;6.463333333;0;6.463333333;0;6.463333333;0;;
22.07.2017 03:18;6.466666667;0;6.466666667;0;6.466666667;0;;
22.07.2017 03:19;6.47;0;6.47;0;6.47;0;;
22.07.2017 03:20;6.463333333;0;6.463333333;0;6.463333333;0;;
22.07.2017 03:21;6.463333333;0;6.463333333;0;6.463333333;0;;
22.07.2017 03:22;6.463333333;0;6.463333333;0;6.463333333;0;;
22.07.2017 03:23;6.443333333;0;6.443333333;0;6.443333333;0;;
22.07.2017 03:24;6.443333333;0;6.443333333;0;6.443333333;0;;
22.07.2017 03:25;6.46;0;6.46;0;6.46;0;;
22.07.2017 03:26;6.446666667;0;6.446666667;0;6.446666667;0;;
22.07.2017 03:27;1.266666667;0;1.266666667;0;1.266666667;0;;
22.07.2017 03:28;3.446666667;0;3.446666667;0;3.446666667;0;;
22.07.2017 03:29;3.81;0;3.81;0;3.81;0;;
22.07.2017 03:30;5.116666667;0;5.116666667;0;5.116666667;0;;
22.07.2017 03:31;7.576666667;0;7.576666667;0;7.576666667;0;;
22.07.2017 03:32;7.143333333;0;7.143333333;0;7.143333333;0;;
22.07.2017 03:33;7.116666667;0;7.116666667;0;7.116666667;0;;
22.07.2017 03:34;7.1;0;7.1;0;7.1;0;;
22.07.2017 03:35;6.626666667;0;6.626666667;0;6.626666667;0;;
22.07.2017 03:36;6.653333333;0;6.653333333;0;6.653333333;0;;
22.07.2017 03:37;6.663333333;0;6.663333333;0;6.663333333;0;;
22.07.2017 03:38;6.626666667;0;6.626666667;0;6.626666667;0;;
22.07.2017 03:39;6.396666667;0;6.396666667;0;6.396666667;0;;
22.07.2017 03:40;6.396666667;0;6.396666667;0;6.396666667;0;;
22.07.2017 03:41;6.373333333;0;6.373333333;0;6.373333333;0;;
22.07.2017 03:42;6.376666667;0;6.376666667;0;6.376666667;0;;
22.07.2017 03:43;6.403333333;0;6.403333333;0;6.403333333;0;;
22.07.2017 03:44;6.423333333;0;6.423333333;0;6.423333333;0;;
22.07.2017 03:45;6.41;0;6.41;0;6.41;0;;
22.07.2017 03:46;6.396666667;0;6.396666667;0;6.396666667;0;;
22.07.2017 03:47;6.403333333;0;6.403333333;0;6.403333333;0;;
22.07.2017 03:48;6.426666667;0;6.426666667;0;6.426666667;0;;
22.07.2017 03:49;6.39;0;6.39;0;6.39;0;;
22.07.2017 03:50;6.4;0;6.4;0;6.4;0;;
22.07.2017 03:51;6.39;0;6.39;0;6.39;0;;
22.07.2017 03:52;6.41;0;6.41;0;6.41;0;;
22.07.2017 03:53;6.383333333;0;6.383333333;0;6.383333333;0;;
22.07.2017 03:54;6.373333333;0;6.373333333;0;6.373333333;0;;
22.07.2017 03:55;6.426666667;0;6.426666667;0;6.426666667;0;;
22.07.2017 03:56;6.4;0;6.4;0;6.4;0;;
22.07.2017 03:57;6.396666667;0;6.396666667;0;6.396666667;0;;
22.07.2017 03:58;6.413333333;0;6.413333333;0;6.413333333;0;;
22.07.2017 03:59;7.613333333;0;7.613333333;0;7.613333333;0;;
22.07.2017 04:00;7.586666667;0;7.586666667;0;7.586666667;0;;
22.07.2017 04:01;7.6;0;7.6;0;7.6;0;;
22.07.2017 04:02;7.576666667;0;7.576666667;0;7.576666667;0;;
22.07.2017 04:03;7.116666667;0;7.116666667;0;7.116666667;0;;
22.07.2017 04:04;7.103333333;0;7.103333333;0;7.103333333;0;;
22.07.2017 04:05;7.11;0;7.11;0;7.11;0;;
22.07.2017 04:06;6.89;0;6.89;0;6.89;0;;
22.07.2017 04:07;6.903333333;0;6.903333333;0;6.903333333;0;;
22.07.2017 04:08;6.89;0;6.89;0;6.89;0;;
22.07.2017 04:09;6.886666667;0;6.886666667;0;6.886666667;0;;
22.07.2017 04:10;6.41;0;6.41;0;6.41;0;;
22.07.2017 04:11;6.42;0;6.42;0;6.42;0;;
22.07.2017 04:12;6.423333333;0;6.423333333;0;6.423333333;0;;
22.07.2017 04:13;6.423333333;0;6.423333333;0;6.423333333;0;;
22.07.2017 04:14;6.383333333;0;6.383333333;0;6.383333333;0;;
22.07.2017 04:15;6.423333333;0;6.423333333;0;6.423333333;0;;
22.07.2017 04:16;6.426666667;0;6.426666667;0;6.426666667;0;;
22.07.2017 04:17;6.423333333;0;6.423333333;0;6.423333333;0;;
22.07.2017 04:18;6.416666667;0;6.416666667;0;6.416666667;0;;
22.07.2017 04:19;6.19;0;6.19;0;6.19;0;;
22.07.2017 04:20;6.18;0;6.18;0;6.18;0;;
22.07.2017 04:21;6.16;0;6.16;0;6.16;0;;
22.07.2017 04:22;6.17;0;6.17;0;6.17;0;;
22.07.2017 04:23;6.196666667;0;6.196666667;0;6.196666667;0;;
22.07.2017 04:24;6.173333333;0;6.173333333;0;6.173333333;0;;
22.07.2017 04:25;6.183333333;0;6.183333333;0;6.183333333;0;;
22.07.2017 04:26;6.166666667;0;6.166666667;0;6.166666667;0;;
22.07.2017 04:27;6.19;0;6.19;0;6.19;0;;
22.07.2017 04:28;6.17;0;6.17;0;6.17;0;;
22.07.2017 04:29;6.19;0;6.19;0;6.19;0;;
22.07.2017 04:30;6.17;0;6.17;0;6.17;0;;
22.07.2017 04:31;6.193333333;0;6.193333333;0;6.193333333;0;;
22.07.2017 04:32;6.2;0;6.2;0;6.2;0;;
22.07.2017 04:33;6.206666667;0;6.206666667;0;6.206666667;0;;
22.07.2017 04:34;6.166666667;0;6.166666667;0;6.166666667;0;;
22.07.2017 04:35;6.186666667;0;6.186666667;0;6.186666667;0;;
22.07.2017 04:36;6.196666667;0;6.196666667;0;6.196666667;0;;
22.07.2017 04:37;6.193333333;0;6.193333333;0;6.193333333;0;;
22.07.2017 04:38;6.17;0;6.17;0;6.17;0;;
22.07.2017 04:39;6.176666667;0;6.176666667;0;6.176666667;0;;
22.07.2017 04:40;6.183333333;0;6.183333333;0;6.183333333;0;;
22.07.2017 04:41;7.616666667;0;7.616666667;0;7.616666667;0;;
22.07.2017 04:42;7.616666667;0;7.616666667;0;7.616666667;0;;
22.07.2017 04:43;7.126666667;0;7.126666667;0;7.126666667;0;;
22.07.2017 04:44;7.14;0;7.14;0;7.14;0;;
22.07.2017 04:45;7.143333333;0;7.143333333;0;7.143333333;0;;
22.07.2017 04:46;7.133333333;0;7.133333333;0;7.133333333;0;;
22.07.2017 04:47;7.136666667;0;7.136666667;0;7.136666667;0;;
22.07.2017 04:48;7.133333333;0;7.133333333;0;7.133333333;0;;
22.07.2017 04:49;7.133333333;0;7.133333333;0;7.133333333;0;;
22.07.2017 04:50;7.14;0;7.14;0;7.14;0;;
22.07.2017 04:51;7.133333333;0;7.133333333;0;7.133333333;0;;
22.07.2017 04:52;7.146666667;0;7.146666667;0;7.146666667;0;;
22.07.2017 04:53;7.143333333;0;7.143333333;0;7.143333333;0;;
22.07.2017 04:54;7.133333333;0;7.133333333;0;7.133333333;0;;
22.07.2017 04:55;7.143333333;0;7.143333333;0;7.143333333;0;;
22.07.2017 04:56;7.16;0;7.16;0;7.16;0;;
22.07.2017 04:57;7.136666667;0;7.136666667;0;7.136666667;0;;
22.07.2017 04:58;7.126666667;0;7.126666667;0;7.126666667;0;;
22.07.2017 04:59;7.14;0;7.14;0;7.14;0;;
22.07.2017 05:00;6.903333333;0;6.903333333;0;6.903333333;0;;
22.07.2017 05:01;6.876666667;0;6.876666667;0;6.876666667;0;;
22.07.2017 05:02;6.903333333;0;6.903333333;0;6.903333333;0;;
22.07.2017 05:03;6.41;0;6.41;0;6.41;0;;
22.07.2017 05:04;6.44;0;6.44;0;6.44;0;;
22.07.2017 05:05;6.406666667;0;6.406666667;0;6.406666667;0;;
22.07.2017 05:06;6.406666667;0;6.406666667;0;6.406666667;0;;
22.07.2017 05:07;6.43;0;6.43;0;6.43;0;;
22.07.2017 05:08;6.403333333;0;6.403333333;0;6.403333333;0;;
22.07.2017 05:09;6.416666667;0;6.416666667;0;6.416666667;0;;
22.07.2017 05:10;6.426666667;0;6.426666667;0;6.426666667;0;;
22.07.2017 05:11;6.43;0;6.43;0;6.43;0;;
22.07.2017 05:12;6.43;0;6.43;0;6.43;0;;
22.07.2017 05:13;6.41;0;6.41;0;6.41;0;;
22.07.2017 05:14;6.426666667;0;6.426666667;0;6.426666667;0;;
22.07.2017 05:15;6.423333333;0;6.423333333;0;6.423333333;0;;
22.07.2017 05:16;6.423333333;0;6.423333333;0;6.423333333;0;;
22.07.2017 05:17;6.426666667;0;6.426666667;0;6.426666667;0;;
22.07.2017 05:18;6.416666667;0;6.416666667;0;6.416666667;0;;
22.07.2017 05:19;6.426666667;0;6.426666667;0;6.426666667;0;;
22.07.2017 05:20;6.433333333;0;6.433333333;0;6.433333333;0;;
22.07.2017 05:21;6.416666667;0;6.416666667;0;6.416666667;0;;
22.07.2017 05:22;6.423333333;0;6.423333333;0;6.423333333;0;;
22.07.2017 05:23;6.423333333;0;6.423333333;0;6.423333333;0;;
22.07.2017 05:24;6.41;0;6.41;0;6.41;0;;
22.07.2017 05:25;6.436666667;0;6.436666667;0;6.436666667;0;;
22.07.2017 05:26;6.426666667;0;6.426666667;0;6.426666667;0;;
22.07.2017 05:27;6.433333333;0;6.433333333;0;6.433333333;0;;
22.07.2017 05:28;6.42;0;6.42;0;6.42;0;;
22.07.2017 05:29;6.416666667;0;6.416666667;0;6.416666667;0;;
22.07.2017 05:30;6.44;0;6.44;0;6.44;0;;
22.07.2017 05:31;6.436666667;0;6.436666667;0;6.436666667;0;;
22.07.2017 05:32;6.596666667;0;6.596666667;0;6.596666667;0;;
22.07.2017 05:33;7.62;0;7.62;0;7.62;0;;
22.07.2017 05:34;7.61;0;7.61;0;7.61;0;;
22.07.2017 05:35;7.623333333;0;7.623333333;0;7.623333333;0;;
22.07.2017 05:36;7.143333333;0;7.143333333;0;7.143333333;0;;
22.07.2017 05:37;7.153333333;0;7.153333333;0;7.153333333;0;;
22.07.2017 05:38;7.156666667;0;7.156666667;0;7.156666667;0;;
22.07.2017 05:39;7.146666667;0;7.146666667;0;7.146666667;0;;
22.07.2017 05:40;7.156666667;0;7.156666667;0;7.156666667;0;;
22.07.2017 05:41;6.91;0;6.91;0;6.91;0;;
22.07.2017 05:42;6.903333333;0;6.903333333;0;6.903333333;0;;
22.07.2017 05:43;6.906666667;0;6.906666667;0;6.906666667;0;;
22.07.2017 05:44;6.92;0;6.92;0;6.92;0;;
22.07.2017 05:45;6.9;0;6.9;0;6.9;0;;
22.07.2017 05:46;6.91;0;6.91;0;6.91;0;;
22.07.2017 05:47;6.893333333;0;6.893333333;0;6.893333333;0;;
22.07.2017 05:48;6.913333333;0;6.913333333;0;6.913333333;0;;
22.07.2017 05:49;6.926666667;0;6.926666667;0;6.926666667;0;;
22.07.2017 05:50;6.923333333;0;6.923333333;0;6.923333333;0;;
22.07.2017 05:51;6.95;0;6.95;0;6.95;0;;
22.07.2017 05:52;6.93;0;6.93;0;6.93;0;;
22.07.2017 05:53;6.92;0;6.92;0;6.92;0;;
22.07.2017 05:54;6.926666667;0;6.926666667;0;6.926666667;0;;
22.07.2017 05:55;6.926666667;0;6.926666667;0;6.926666667;0;;
22.07.2017 05:56;6.923333333;0;6.923333333;0;6.923333333;0;;
22.07.2017 05:57;6.913333333;0;6.913333333;0;6.913333333;0;;
22.07.2017 05:58;6.91;0;6.91;0;6.91;0;;
22.07.2017 05:59;6.92;0;6.92;0;6.92;0;;
22.07.2017 06:00;6.913333333;0;6.913333333;0;6.913333333;0;;
22.07.2017 06:01;6.923333333;0;6.923333333;0;6.923333333;0;;
22.07.2017 06:02;6.913333333;0;6.913333333;0;6.913333333;0;;
22.07.2017 06:03;6.93;0;6.93;0;6.93;0;;
22.07.2017 06:04;6.933333333;0;6.933333333;0;6.933333333;0;;
22.07.2017 06:05;6.946666667;0;6.946666667;0;6.946666667;0;;
22.07.2017 06:06;6.943333333;0;6.943333333;0;6.943333333;0;;
22.07.2017 06:07;6.906666667;0;6.906666667;0;6.906666667;0;;
22.07.2017 06:08;6.936666667;0;6.936666667;0;6.936666667;0;;
22.07.2017 06:09;6.9;0;6.9;0;6.9;0;;
22.07.2017 06:10;6.91;0;6.91;0;6.91;0;;
22.07.2017 06:11;6.926666667;0;6.926666667;0;6.926666667;0;;
22.07.2017 06:12;6.93;0;6.93;0;6.93;0;;
22.07.2017 06:13;6.913333333;0;6.913333333;0;6.913333333;0;;
22.07.2017 06:14;6.926666667;0;6.926666667;0;6.926666667;0;;
22.07.2017 06:15;6.916666667;0;6.916666667;0;6.916666667;0;;
22.07.2017 06:16;6.93;0;6.93;0;6.93;0;;
22.07.2017 06:17;6.923333333;0;6.923333333;0;6.923333333;0;;
22.07.2017 06:18;6.936666667;0;6.936666667;0;6.936666667;0;;
22.07.2017 06:19;6.933333333;0;6.933333333;0;6.933333333;0;;
22.07.2017 06:20;6.913333333;0;6.913333333;0;6.913333333;0;;
22.07.2017 06:21;6.906666667;0;6.906666667;0;6.906666667;0;;
22.07.2017 06:22;6.906666667;0;6.906666667;0;6.906666667;0;;
22.07.2017 06:23;6.906666667;0;6.906666667;0;6.906666667;0;;
22.07.2017 06:24;6.923333333;0;6.923333333;0;6.923333333;0;;
22.07.2017 06:25;6.916666667;0;6.916666667;0;6.916666667;0;;
22.07.2017 06:26;6.933333333;0;6.933333333;0;6.933333333;0;;
22.07.2017 06:27;6.926666667;0;6.926666667;0;6.926666667;0;;
22.07.2017 06:28;6.923333333;0;6.923333333;0;6.923333333;0;;
22.07.2017 06:29;6.933333333;0;6.933333333;0;6.933333333;0;;
22.07.2017 06:30;6.923333333;0;6.923333333;0;6.923333333;0;;
22.07.2017 06:31;6.943333333;0;6.943333333;0;6.943333333;0;;
22.07.2017 06:32;6.946666667;0;6.946666667;0;6.946666667;0;;
22.07.2017 06:33;6.956666667;0;6.956666667;0;6.956666667;0;;
22.07.2017 06:34;6.453333333;0;6.453333333;0;6.453333333;0;;
22.07.2017 06:35;6.453333333;0;6.453333333;0;6.453333333;0;;
22.07.2017 06:36;6.453333333;0;6.453333333;0;6.453333333;0;;
22.07.2017 06:37;4.303333333;0;4.303333333;0;4.303333333;0;;
22.07.2017 06:38;6.45;0;6.45;0;6.45;0;;
22.07.2017 06:39;6.446666667;0;6.446666667;0;6.446666667;0;;
22.07.2017 06:40;6.46;0;6.46;0;6.46;0;;
22.07.2017 06:41;6.453333333;0;6.453333333;0;6.453333333;0;;
22.07.2017 06:42;6.443333333;0;6.443333333;0;6.443333333;0;;
22.07.2017 06:43;6.463333333;0;6.463333333;0;6.463333333;0;;
22.07.2017 06:44;6.463333333;0;6.463333333;0;6.463333333;0;;
22.07.2017 06:45;6.466666667;0;6.466666667;0;6.466666667;0;;
22.07.2017 06:46;6.47;0;6.47;0;6.47;0;;
22.07.2017 06:47;6.463333333;0;6.463333333;0;6.463333333;0;;
22.07.2017 06:48;6.463333333;0;6.463333333;0;6.463333333;0;;
22.07.2017 06:49;6.463333333;0;6.463333333;0;6.463333333;0;;
22.07.2017 06:50;6.443333333;0;6.443333333;0;6.443333333;0;;
22.07.2017 06:51;6.443333333;0;6.443333333;0;6.443333333;0;;
22.07.2017 06:52;6.46;0;6.46;0;6.46;0;;
22.07.2017 06:53;6.446666667;0;6.446666667;0;6.446666667;0;;
22.07.2017 06:54;1.266666667;0;1.266666667;0;1.266666667;0;;
22.07.2017 06:55;3.446666667;0;3.446666667;0;3.446666667;0;;
22.07.2017 06:56;3.81;0;3.81;0;3.81;0;;
22.07.2017 06:57;5.116666667;0;5.116666667;0;5.116666667;0;;
22.07.2017 06:58;7.576666667;0;7.576666667;0;7.576666667;0;;
22.07.2017 06:59;7.143333333;0;7.143333333;0;7.143333333;0;;
22.07.2017 07:00;7.116666667;0;7.116666667;0;7.116666667;0;;
22.07.2017 07:01;7.1;0;7.1;0;7.1;0;;
22.07.2017 07:02;6.626666667;0;6.626666667;0;6.626666667;0;;
22.07.2017 07:03;6.653333333;0;6.653333333;0;6.653333333;0;;
22.07.2017 07:04;6.663333333;0;6.663333333;0;6.663333333;0;;
22.07.2017 07:05;6.626666667;0;6.626666667;0;6.626666667;0;;
22.07.2017 07:06;6.396666667;0;6.396666667;0;6.396666667;0;;
22.07.2017 07:07;6.396666667;0;6.396666667;0;6.396666667;0;;
22.07.2017 07:08;6.373333333;0;6.373333333;0;6.373333333;0;;
22.07.2017 07:09;6.376666667;0;6.376666667;0;6.376666667;0;;
22.07.2017 07:10;6.403333333;0;6.403333333;0;6.403333333;0;;
22.07.2017 07:11;6.423333333;0;6.423333333;0;6.423333333;0;;
22.07.2017 07:12;6.41;0;6.41;0;6.41;0;;
22.07.2017 07:13;6.396666667;0;6.396666667;0;6.396666667;0;;
22.07.2017 07:14;6.403333333;0;6.403333333;0;6.403333333;0;;
22.07.2017 07:15;6.426666667;0;6.426666667;0;6.426666667;0;;
22.07.2017 07:16;6.39;0;6.39;0;6.39;0;;
22.07.2017 07:17;6.4;0;6.4;0;6.4;0;;
22.07.2017 07:18;6.39;0;6.39;0;6.39;0;;
22.07.2017 07:19;6.41;0;6.41;0;6.41;0;;
22.07.2017 07:20;6.383333333;0;6.383333333;0;6.383333333;0;;
22.07.2017 07:21;6.373333333;0;6.373333333;0;6.373333333;0;;
22.07.2017 07:22;6.426666667;0;6.426666667;0;6.426666667;0;;
22.07.2017 07:23;6.4;0;6.4;0;6.4;0;;
22.07.2017 07:24;6.396666667;0;6.396666667;0;6.396666667;0;;
22.07.2017 07:25;6.413333333;0;6.413333333;0;6.413333333;0;;
22.07.2017 07:26;7.613333333;0;7.613333333;0;7.613333333;0;;
22.07.2017 07:27;7.586666667;0;7.586666667;0;7.586666667;0;;
22.07.2017 07:28;7.6;0;7.6;0;7.6;0;;
22.07.2017 07:29;7.576666667;0;7.576666667;0;7.576666667;0;;
22.07.2017 07:30;7.116666667;0;7.116666667;0;7.116666667;0;;
22.07.2017 07:31;7.103333333;0;7.103333333;0;7.103333333;0;;
22.07.2017 07:32;7.11;0;7.11;0;7.11;0;;
22.07.2017 07:33;6.89;0;6.89;0;6.89;0;;
22.07.2017 07:34;6.903333333;0;6.903333333;0;6.903333333;0;;
22.07.2017 07:35;6.89;0;6.89;0;6.89;0;;
22.07.2017 07:36;6.886666667;0;6.886666667;0;6.886666667;0;;
22.07.2017 07:37;6.41;0;6.41;0;6.41;0;;
22.07.2017 07:38;6.42;0;6.42;0;6.42;0;;
22.07.2017 07:39;6.423333333;0;6.423333333;0;6.423333333;0;;
22.07.2017 07:40;6.423333333;0;6.423333333;0;6.423333333;0;;
22.07.2017 07:41;6.383333333;0;6.383333333;0;6.383333333;0;;
22.07.2017 07:42;6.423333333;0;6.423333333;0;6.423333333;0;;
22.07.2017 07:43;6.426666667;0;6.426666667;0;6.426666667;0;;
22.07.2017 07:44;6.423333333;0;6.423333333;0;6.423333333;0;;
22.07.2017 07:45;6.416666667;0;6.416666667;0;6.416666667;0;;
22.07.2017 07:46;6.19;0;6.19;0;6.19;0;;
22.07.2017 07:47;6.18;0;6.18;0;6.18;0;;
22.07.2017 07:48;6.16;0;6.16;0;6.16;0;;
22.07.2017 07:49;6.17;0;6.17;0;6.17;0;;
22.07.2017 07:50;6.196666667;0;6.196666667;0;6.196666667;0;;
22.07.2017 07:51;6.173333333;0;6.173333333;0;6.173333333;0;;
22.07.2017 07:52;6.183333333;0;6.183333333;0;6.183333333;0;;
22.07.2017 07:53;6.166666667;0;6.166666667;0;6.166666667;0;;
22.07.2017 07:54;6.19;0;6.19;0;6.19;0;;
22.07.2017 07:55;6.17;0;6.17;0;6.17;0;;
22.07.2017 07:56;6.19;0;6.19;0;6.19;0;;
22.07.2017 07:57;6.17;0;6.17;0;6.17;0;;
22.07.2017 07:58;6.193333333;0;6.193333333;0;6.193333333;0;;
22.07.2017 07:59;6.2;0;6.2;0;6.2;0;;
22.07.2017 08:00;6.206666667;0;6.206666667;0;6.206666667;0;;
22.07.2017 08:01;6.166666667;0;6.166666667;0;6.166666667;0;;
22.07.2017 08:02;6.186666667;0;6.186666667;0;6.186666667;0;;
22.07.2017 08:03;6.196666667;0;6.196666667;0;6.196666667;0;;
22.07.2017 08:04;6.193333333;0;6.193333333;0;6.193333333;0;;
22.07.2017 08:05;6.17;0;6.17;0;6.17;0;;
22.07.2017 08:06;6.176666667;0;6.176666667;0;6.176666667;0;;
22.07.2017 08:07;6.183333333;0;6.183333333;0;6.183333333;0;;
22.07.2017 08:08;7.616666667;0;7.616666667;0;7.616666667;0;;
22.07.2017 08:09;7.616666667;0;7.616666667;0;7.616666667;0;;
22.07.2017 08:10;7.126666667;0;7.126666667;0;7.126666667;0;;
22.07.2017 08:11;7.14;0;7.14;0;7.14;0;;
22.07.2017 08:12;7.143333333;0;7.143333333;0;7.143333333;0;;
22.07.2017 08:13;7.133333333;0;7.133333333;0;7.133333333;0;;
22.07.2017 08:14;7.136666667;0;7.136666667;0;7.136666667;0;;
22.07.2017 08:15;7.133333333;0;7.133333333;0;7.133333333;0;;
22.07.2017 08:16;7.133333333;0;7.133333333;0;7.133333333;0;;
22.07.2017 08:17;7.14;0;7.14;0;7.14;0;;
22.07.2017 08:18;7.133333333;0;7.133333333;0;7.133333333;0;;
22.07.2017 08:19;7.146666667;0;7.146666667;0;7.146666667;0;;
22.07.2017 08:20;7.143333333;0;7.143333333;0;7.143333333;0;;
22.07.2017 08:21;7.133333333;0;7.133333333;0;7.133333333;0;;
22.07.2017 08:22;7.143333333;0;7.143333333;0;7.143333333;0;;
22.07.2017 08:23;7.16;0;7.16;0;7.16;0;;
22.07.2017 08:24;7.136666667;0;7.136666667;0;7.136666667;0;;
22.07.2017 08:25;7.126666667;0;7.126666667;0;7.126666667;0;;
22.07.2017 08:26;7.14;0;7.14;0;7.14;0;;
22.07.2017 08:27;6.903333333;0;6.903333333;0;6.903333333;0;;
22.07.2017 08:28;6.876666667;0;6.876666667;0;6.876666667;0;;
22.07.2017 08:29;6.903333333;0;6.903333333;0;6.903333333;0;;
22.07.2017 08:30;6.41;0;6.41;0;6.41;0;;
22.07.2017 08:31;6.44;0;6.44;0;6.44;0;;
22.07.2017 08:32;6.406666667;0;6.406666667;0;6.406666667;0;;
22.07.2017 08:33;6.406666667;0;6.406666667;0;6.406666667;0;;
22.07.2017 08:34;6.43;0;6.43;0;6.43;0;;
22.07.2017 08:35;6.403333333;0;6.403333333;0;6.403333333;0;;
22.07.2017 08:36;6.416666667;0;6.416666667;0;6.416666667;0;;
22.07.2017 08:37;6.426666667;0;6.426666667;0;6.426666667;0;;
22.07.2017 08:38;6.43;0;6.43;0;6.43;0;;
22.07.2017 08:39;6.43;0;6.43;0;6.43;0;;
22.07.2017 08:40;6.41;0;6.41;0;6.41;0;;
22.07.2017 08:41;6.426666667;0;6.426666667;0;6.426666667;0;;
22.07.2017 08:42;6.423333333;0;6.423333333;0;6.423333333;0;;
22.07.2017 08:43;6.423333333;0;6.423333333;0;6.423333333;0;;
22.07.2017 08:44;6.426666667;0;6.426666667;0;6.426666667;0;;
22.07.2017 08:45;6.416666667;0;6.416666667;0;6.416666667;0;;
22.07.2017 08:46;6.426666667;0;6.426666667;0;6.426666667;0;;
22.07.2017 08:47;6.433333333;0;6.433333333;0;6.433333333;0;;
22.07.2017 08:48;6.416666667;0;6.416666667;0;6.416666667;0;;
22.07.2017 08:49;6.423333333;0;6.423333333;0;6.423333333;0;;
22.07.2017 08:50;6.423333333;0;6.423333333;0;6.423333333;0;;
22.07.2017 08:51;6.41;0;6.41;0;6.41;0;;
22.07.2017 08:52;6.436666667;0;6.436666667;0;6.436666667;0;;
22.07.2017 08:53;6.426666667;0;6.426666667;0;6.426666667;0;;
22.07.2017 08:54;6.433333333;0;6.433333333;0;6.433333333;0;;
22.07.2017 08:55;6.42;0;6.42;0;6.42;0;;
22.07.2017 08:56;6.416666667;0;6.416666667;0;6.416666667;0;;
22.07.2017 08:57;6.44;0;6.44;0;6.44;0;;
22.07.2017 08:58;6.436666667;0;6.436666667;0;6.436666667;0;;
22.07.2017 08:59;6.596666667;0;6.596666667;0;6.596666667;0;;
22.07.2017 09:00;7.62;0;7.62;0;7.62;0;;
22.07.2017 09:01;7.61;0;7.61;0;7.61;0;;
22.07.2017 09:02;7.623333333;0;7.623333333;0;7.623333333;0;;
22.07.2017 09:03;7.143333333;0;7.143333333;0;7.143333333;0;;
22.07.2017 09:04;7.153333333;0;7.153333333;0;7.153333333;0;;
22.07.2017 09:05;7.156666667;0;7.156666667;0;7.156666667;0;;
22.07.2017 09:06;7.146666667;0;7.146666667;0;7.146666667;0;;
22.07.2017 09:07;7.156666667;0;7.156666667;0;7.156666667;0;;
22.07.2017 09:08;6.91;0;6.91;0;6.91;0;;
22.07.2017 09:09;6.903333333;0;6.903333333;0;6.903333333;0;;
22.07.2017 09:10;6.906666667;0;6.906666667;0;6.906666667;0;;
22.07.2017 09:11;6.92;0;6.92;0;6.92;0;;
22.07.2017 09:12;6.9;0;6.9;0;6.9;0;;
22.07.2017 09:13;6.91;0;6.91;0;6.91;0;;
22.07.2017 09:14;6.893333333;0;6.893333333;0;6.893333333;0;;
22.07.2017 09:15;6.913333333;0;6.913333333;0;6.913333333;0;;
22.07.2017 09:16;6.926666667;0;6.926666667;0;6.926666667;0;;
22.07.2017 09:17;6.923333333;0;6.923333333;0;6.923333333;0;;
22.07.2017 09:18;6.95;0;6.95;0;6.95;0;;
22.07.2017 09:19;6.93;0;6.93;0;6.93;0;;
22.07.2017 09:20;6.92;0;6.92;0;6.92;0;;
22.07.2017 09:21;6.926666667;0;6.926666667;0;6.926666667;0;;
22.07.2017 09:22;6.926666667;0;6.926666667;0;6.926666667;0;;
22.07.2017 09:23;6.923333333;0;6.923333333;0;6.923333333;0;;
22.07.2017 09:24;6.913333333;0;6.913333333;0;6.913333333;0;;
22.07.2017 09:25;6.91;0;6.91;0;6.91;0;;
22.07.2017 09:26;6.92;0;6.92;0;6.92;0;;
22.07.2017 09:27;6.913333333;0;6.913333333;0;6.913333333;0;;
22.07.2017 09:28;6.923333333;0;6.923333333;0;6.923333333;0;;
22.07.2017 09:29;6.913333333;0;6.913333333;0;6.913333333;0;;
22.07.2017 09:30;6.93;0;6.93;0;6.93;0;;
22.07.2017 09:31;6.933333333;0;6.933333333;0;6.933333333;0;;
22.07.2017 09:32;6.946666667;0;6.946666667;0;6.946666667;0;;
22.07.2017 09:33;6.943333333;0;6.943333333;0;6.943333333;0;;
22.07.2017 09:34;6.906666667;0;6.906666667;0;6.906666667;0;;
22.07.2017 09:35;6.936666667;0;6.936666667;0;6.936666667;0;;
22.07.2017 09:36;6.9;0;6.9;0;6.9;0;;
22.07.2017 09:37;6.91;0;6.91;0;6.91;0;;
22.07.2017 09:38;6.926666667;0;6.926666667;0;6.926666667;0;;
22.07.2017 09:39;6.93;0;6.93;0;6.93;0;;
22.07.2017 09:40;6.913333333;0;6.913333333;0;6.913333333;0;;
22.07.2017 09:41;6.926666667;0;6.926666667;0;6.926666667;0;;
22.07.2017 09:42;6.916666667;0;6.916666667;0;6.916666667;0;;
22.07.2017 09:43;6.93;0;6.93;0;6.93;0;;
22.07.2017 09:44;6.923333333;0;6.923333333;0;6.923333333;0;;
22.07.2017 09:45;6.936666667;0;6.936666667;0;6.936666667;0;;
22.07.2017 09:46;6.933333333;0;6.933333333;0;6.933333333;0;;
22.07.2017 09:47;6.913333333;0;6.913333333;0;6.913333333;0;;
22.07.2017 09:48;6.906666667;0;6.906666667;0;6.906666667;0;;
22.07.2017 09:49;6.906666667;0;6.906666667;0;6.906666667;0;;
22.07.2017 09:50;6.906666667;0;6.906666667;0;6.906666667;0;;
22.07.2017 09:51;6.923333333;0;6.923333333;0;6.923333333;0;;
22.07.2017 09:52;6.916666667;0;6.916666667;0;6.916666667;0;;
22.07.2017 09:53;6.933333333;0;6.933333333;0;6.933333333;0;;
22.07.2017 09:54;6.926666667;0;6.926666667;0;6.926666667;0;;
22.07.2017 09:55;6.923333333;0;6.923333333;0;6.923333333;0;;
22.07.2017 09:56;6.933333333;0;6.933333333;0;6.933333333;0;;
22.07.2017 09:57;6.923333333;0;6.923333333;0;6.923333333;0;;
22.07.2017 09:58;6.943333333;0;6.943333333;0;6.943333333;0;;
22.07.2017 09:59;6.946666667;0;6.946666667;0;6.946666667;0;;
22.07.2017 10:00;6.956666667;0;6.956666667;0;6.956666667;0;;
22.07.2017 10:01;6.453333333;0;6.453333333;0;6.453333333;0;;
22.07.2017 10:02;6.453333333;0;6.453333333;0;6.453333333;0;;
22.07.2017 10:03;6.453333333;0;6.453333333;0;6.453333333;0;;
22.07.2017 10:04;4.303333333;0;4.303333333;0;4.303333333;0;;
22.07.2017 10:05;6.45;0;6.45;0;6.45;0;;
22.07.2017 10:06;6.446666667;0;6.446666667;0;6.446666667;0;;
22.07.2017 10:07;6.46;0;6.46;0;6.46;0;;
22.07.2017 10:08;6.453333333;0;6.453333333;0;6.453333333;0;;
22.07.2017 10:09;6.443333333;0;6.443333333;0;6.443333333;0;;
22.07.2017 10:10;6.463333333;0;6.463333333;0;6.463333333;0;;
22.07.2017 10:11;6.463333333;0;6.463333333;0;6.463333333;0;;
22.07.2017 10:12;6.466666667;0;6.466666667;0;6.466666667;0;;
22.07.2017 10:13;6.47;0;6.47;0;6.47;0;;
22.07.2017 10:14;6.463333333;0;6.463333333;0;6.463333333;0;;
22.07.2017 10:15;6.463333333;0;6.463333333;0;6.463333333;0;;
22.07.2017 10:16;6.463333333;0;6.463333333;0;6.463333333;0;;
22.07.2017 10:17;6.443333333;0;6.443333333;0;6.443333333;0;;
22.07.2017 10:18;6.443333333;0;6.443333333;0;6.443333333;0;;
22.07.2017 10:19;6.46;0;6.46;0;6.46;0;;
22.07.2017 10:20;6.446666667;0;6.446666667;0;6.446666667;0;;
22.07.2017 10:21;6.446666667;0;6.446666667;0;6.446666667;0;;
22.07.2017 10:22;6.446666667;0;6.446666667;0;6.446666667;0;;
22.07.2017 10:23;6.446666667;0;6.446666667;0;6.446666667;0;;
22.07.2017 10:24;1.266666667;0;1.266666667;0;1.266666667;0;;
22.07.2017 10:25;3.446666667;0;3.446666667;0;3.446666667;0;;
22.07.2017 10:26;3.81;0;3.81;0;3.81;0;;
22.07.2017 10:27;5.116666667;0;5.116666667;0;5.116666667;0;;
22.07.2017 10:28;7.576666667;0;7.576666667;0;7.576666667;0;;
22.07.2017 10:29;7.143333333;0;7.143333333;0;7.143333333;0;;
22.07.2017 10:30;7.116666667;0;7.116666667;0;7.116666667;0;;
22.07.2017 10:31;7.1;0;7.1;0;7.1;0;;
22.07.2017 10:32;6.626666667;0;6.626666667;0;6.626666667;0;;
22.07.2017 10:33;6.653333333;0;6.653333333;0;6.653333333;0;;
22.07.2017 10:34;6.663333333;0;6.663333333;0;6.663333333;0;;
22.07.2017 10:35;6.626666667;0;6.626666667;0;6.626666667;0;;
22.07.2017 10:36;6.396666667;0;6.396666667;0;6.396666667;0;;
22.07.2017 10:37;6.396666667;0;6.396666667;0;6.396666667;0;;
22.07.2017 10:38;6.373333333;0;6.373333333;0;6.373333333;0;;
22.07.2017 10:39;6.376666667;0;6.376666667;0;6.376666667;0;;
22.07.2017 10:40;6.403333333;0;6.403333333;0;6.403333333;0;;
22.07.2017 10:41;6.423333333;0;6.423333333;0;6.423333333;0;;
22.07.2017 10:42;6.41;0;6.41;0;6.41;0;;
22.07.2017 10:43;6.396666667;0;6.396666667;0;6.396666667;0;;
22.07.2017 10:44;6.403333333;0;6.403333333;0;6.403333333;0;;
22.07.2017 10:45;6.426666667;0;6.426666667;0;6.426666667;0;;
22.07.2017 10:46;6.39;0;6.39;0;6.39;0;;
22.07.2017 10:47;6.4;0;6.4;0;6.4;0;;
22.07.2017 10:48;6.39;0;6.39;0;6.39;0;;
22.07.2017 10:49;6.41;0;6.41;0;6.41;0;;
22.07.2017 10:50;6.383333333;0;6.383333333;0;6.383333333;0;;
22.07.2017 10:51;6.373333333;0;6.373333333;0;6.373333333;0;;
22.07.2017 10:52;6.426666667;0;6.426666667;0;6.426666667;0;;
22.07.2017 10:53;6.4;0;6.4;0;6.4;0;;
22.07.2017 10:54;6.396666667;0;6.396666667;0;6.396666667;0;;
22.07.2017 10:55;6.413333333;0;6.413333333;0;6.413333333;0;;
22.07.2017 10:56;7.613333333;0;7.613333333;0;7.613333333;0;;
22.07.2017 10:57;7.586666667;0;7.586666667;0;7.586666667;0;;
22.07.2017 10:58;7.6;0;7.6;0;7.6;0;;
22.07.2017 10:59;7.576666667;0;7.576666667;0;7.576666667;0;;
22.07.2017 11:00;7.116666667;0;7.116666667;0;7.116666667;0;;
22.07.2017 11:01;7.103333333;0;7.103333333;0;7.103333333;0;;
22.07.2017 11:02;7.11;0;7.11;0;7.11;0;;
22.07.2017 11:03;6.89;0;6.89;0;6.89;0;;
22.07.2017 11:04;6.903333333;0;6.903333333;0;6.903333333;0;;
22.07.2017 11:05;6.89;0;6.89;0;6.89;0;;
22.07.2017 11:06;6.886666667;0;6.886666667;0;6.886666667;0;;
22.07.2017 11:07;6.41;0;6.41;0;6.41;0;;
22.07.2017 11:08;6.42;0;6.42;0;6.42;0;;
22.07.2017 11:09;6.423333333;0;6.423333333;0;6.423333333;0;;
22.07.2017 11:10;6.423333333;0;6.423333333;0;6.423333333;0;;
22.07.2017 11:11;6.383333333;0;6.383333333;0;6.383333333;0;;
22.07.2017 11:12;6.423333333;0;6.423333333;0;6.423333333;0;;
22.07.2017 11:13;6.426666667;0;6.426666667;0;6.426666667;0;;
22.07.2017 11:14;6.423333333;0;6.423333333;0;6.423333333;0;;
22.07.2017 11:15;6.416666667;0;6.416666667;0;6.416666667;0;;
22.07.2017 11:16;6.19;0;6.19;0;6.19;0;;
22.07.2017 11:17;6.18;0;6.18;0;6.18;0;;
22.07.2017 11:18;6.16;0;6.16;0;6.16;0;;
22.07.2017 11:19;6.17;0;6.17;0;6.17;0;;
22.07.2017 11:20;6.196666667;0;6.196666667;0;6.196666667;0;;
22.07.2017 11:21;6.173333333;0;6.173333333;0;6.173333333;0;;
22.07.2017 11:22;6.183333333;0;6.183333333;0;6.183333333;0;;
22.07.2017 11:23;6.166666667;0;6.166666667;0;6.166666667;0;;
22.07.2017 11:24;6.19;0;6.19;0;6.19;0;;
22.07.2017 11:25;6.17;0;6.17;0;6.17;0;;
22.07.2017 11:26;6.19;0;6.19;0;6.19;0;;
22.07.2017 11:27;6.17;0;6.17;0;6.17;0;;
22.07.2017 11:28;6.193333333;0;6.193333333;0;6.193333333;0;;
22.07.2017 11:29;6.2;0;6.2;0;6.2;0;;
22.07.2017 11:30;6.206666667;0;6.206666667;0;6.206666667;0;;
22.07.2017 11:31;6.166666667;0;6.166666667;0;6.166666667;0;;
22.07.2017 11:32;6.186666667;0;6.186666667;0;6.186666667;0;;
22.07.2017 11:33;6.196666667;0;6.196666667;0;6.196666667;0;;
22.07.2017 11:34;6.193333333;0;6.193333333;0;6.193333333;0;;
22.07.2017 11:35;6.17;0;6.17;0;6.17;0;;
22.07.2017 11:36;6.176666667;0;6.176666667;0;6.176666667;0;;
22.07.2017 11:37;6.183333333;0;6.183333333;0;6.183333333;0;;
22.07.2017 11:38;7.616666667;0;7.616666667;0;7.616666667;0;;
22.07.2017 11:39;7.616666667;0;7.616666667;0;7.616666667;0;;
22.07.2017 11:40;7.126666667;0;7.126666667;0;7.126666667;0;;
22.07.2017 11:41;7.14;0;7.14;0;7.14;0;;
22.07.2017 11:42;7.143333333;0;7.143333333;0;7.143333333;0;;
22.07.2017 11:43;7.133333333;0;7.133333333;0;7.133333333;0;;
22.07.2017 11:44;7.136666667;0;7.136666667;0;7.136666667;0;;
22.07.2017 11:45;7.133333333;0;7.133333333;0;7.133333333;0;;
22.07.2017 11:46;7.133333333;0;7.133333333;0;7.133333333;0;;
22.07.2017 11:47;7.14;0;7.14;0;7.14;0;;
22.07.2017 11:48;7.133333333;0;7.133333333;0;7.133333333;0;;
22.07.2017 11:49;7.146666667;0;7.146666667;0;7.146666667;0;;
22.07.2017 11:50;7.143333333;0;7.143333333;0;7.143333333;0;;
22.07.2017 11:51;7.133333333;0;7.133333333;0;7.133333333;0;;
22.07.2017 11:52;7.143333333;0;7.143333333;0;7.143333333;0;;
22.07.2017 11:53;7.16;0;7.16;0;7.16;0;;
22.07.2017 11:54;7.136666667;0;7.136666667;0;7.136666667;0;;
22.07.2017 11:55;7.126666667;0;7.126666667;0;7.126666667;0;;
22.07.2017 11:56;7.14;0;7.14;0;7.14;0;;
22.07.2017 11:57;6.903333333;0;6.903333333;0;6.903333333;0;;
22.07.2017 11:58;6.876666667;0;6.876666667;0;6.876666667;0;;
22.07.2017 11:59;6.903333333;0;6.903333333;0;6.903333333;0;;
22.07.2017 12:00;6.41;0;6.41;0;6.41;0;;
22.07.2017 12:01;6.44;0;6.44;0;6.44;0;;
22.07.2017 12:02;6.406666667;0;6.406666667;0;6.406666667;0;;
22.07.2017 12:03;6.406666667;0;6.406666667;0;6.406666667;0;;
22.07.2017 12:04;6.43;0;6.43;0;6.43;0;;
22.07.2017 12:05;6.403333333;0;6.403333333;0;6.403333333;0;;
22.07.2017 12:06;6.416666667;0;6.416666667;0;6.416666667;0;;
22.07.2017 12:07;6.426666667;0;6.426666667;0;6.426666667;0;;
22.07.2017 12:08;6.43;0;6.43;0;6.43;0;;
22.07.2017 12:09;6.43;0;6.43;0;6.43;0;;
22.07.2017 12:10;6.41;0;6.41;0;6.41;0;;
22.07.2017 12:11;6.426666667;0;6.426666667;0;6.426666667;0;;
22.07.2017 12:12;6.423333333;0;6.423333333;0;6.423333333;0;;
22.07.2017 12:13;6.423333333;0;6.423333333;0;6.423333333;0;;
22.07.2017 12:14;6.426666667;0;6.426666667;0;6.426666667;0;;
22.07.2017 12:15;6.416666667;0;6.416666667;0;6.416666667;0;;
22.07.2017 12:16;6.426666667;0;6.426666667;0;6.426666667;0;;
22.07.2017 12:17;6.433333333;0;6.433333333;0;6.433333333;0;;
22.07.2017 12:18;6.416666667;0;6.416666667;0;6.416666667;0;;
22.07.2017 12:19;6.423333333;0;6.423333333;0;6.423333333;0;;
22.07.2017 12:20;6.423333333;0;6.423333333;0;6.423333333;0;;
22.07.2017 12:21;6.41;0;6.41;0;6.41;0;;
22.07.2017 12:22;6.436666667;0;6.436666667;0;6.436666667;0;;
22.07.2017 12:23;6.426666667;0;6.426666667;0;6.426666667;0;;
22.07.2017 12:24;6.433333333;0;6.433333333;0;6.433333333;0;;
22.07.2017 12:25;6.42;0;6.42;0;6.42;0;;
22.07.2017 12:26;6.416666667;0;6.416666667;0;6.416666667;0;;
22.07.2017 12:27;6.44;0;6.44;0;6.44;0;;
22.07.2017 12:28;6.436666667;0;6.436666667;0;6.436666667;0;;
22.07.2017 12:29;6.596666667;0;6.596666667;0;6.596666667;0;;
22.07.2017 12:30;7.62;0;7.62;0;7.62;0;;
22.07.2017 12:31;7.61;0;7.61;0;7.61;0;;
22.07.2017 12:32;7.623333333;0;7.623333333;0;7.623333333;0;;
22.07.2017 12:33;7.143333333;0;7.143333333;0;7.143333333;0;;
22.07.2017 12:34;7.153333333;0;7.153333333;0;7.153333333;0;;
22.07.2017 12:35;7.156666667;0;7.156666667;0;7.156666667;0;;
22.07.2017 12:36;7.146666667;0;7.146666667;0;7.146666667;0;;
22.07.2017 12:37;7.156666667;0;7.156666667;0;7.156666667;0;;
22.07.2017 12:38;6.91;0;6.91;0;6.91;0;;
22.07.2017 12:39;6.903333333;0;6.903333333;0;6.903333333;0;;
22.07.2017 12:40;6.906666667;0;6.906666667;0;6.906666667;0;;
22.07.2017 12:41;6.92;0;6.92;0;6.92;0;;
22.07.2017 12:42;6.9;0;6.9;0;6.9;0;;
22.07.2017 12:43;6.91;0;6.91;0;6.91;0;;
22.07.2017 12:44;6.893333333;0;6.893333333;0;6.893333333;0;;
22.07.2017 12:45;6.913333333;0;6.913333333;0;6.913333333;0;;
22.07.2017 12:46;6.926666667;0;6.926666667;0;6.926666667;0;;
22.07.2017 12:47;6.923333333;0;6.923333333;0;6.923333333;0;;
22.07.2017 12:48;6.95;0;6.95;0;6.95;0;;
22.07.2017 12:49;6.93;0;6.93;0;6.93;0;;
22.07.2017 12:50;6.92;0;6.92;0;6.92;0;;
22.07.2017 12:51;6.926666667;0;6.926666667;0;6.926666667;0;;
22.07.2017 12:52;6.926666667;0;6.926666667;0;6.926666667;0;;
22.07.2017 12:53;6.923333333;0;6.923333333;0;6.923333333;0;;
22.07.2017 12:54;6.913333333;0;6.913333333;0;6.913333333;0;;
22.07.2017 12:55;6.91;0;6.91;0;6.91;0;;
22.07.2017 12:56;6.92;0;6.92;0;6.92;0;;
22.07.2017 12:57;6.913333333;0;6.913333333;0;6.913333333;0;;
22.07.2017 12:58;6.923333333;0;6.923333333;0;6.923333333;0;;
22.07.2017 12:59;6.913333333;0;6.913333333;0;6.913333333;0;;
22.07.2017 13:00;6.93;0;6.93;0;6.93;0;;
22.07.2017 13:01;6.933333333;0;6.933333333;0;6.933333333;0;;
22.07.2017 13:02;6.946666667;0;6.946666667;0;6.946666667;0;;
22.07.2017 13:03;6.943333333;0;6.943333333;0;6.943333333;0;;
22.07.2017 13:04;6.906666667;0;6.906666667;0;6.906666667;0;;
22.07.2017 13:05;6.936666667;0;6.936666667;0;6.936666667;0;;
22.07.2017 13:06;6.9;0;6.9;0;6.9;0;;
22.07.2017 13:07;6.91;0;6.91;0;6.91;0;;
22.07.2017 13:08;6.926666667;0;6.926666667;0;6.926666667;0;;
22.07.2017 13:09;6.93;0;6.93;0;6.93;0;;
22.07.2017 13:10;6.913333333;0;6.913333333;0;6.913333333;0;;
22.07.2017 13:11;6.926666667;0;6.926666667;0;6.926666667;0;;
22.07.2017 13:12;6.916666667;0;6.916666667;0;6.916666667;0;;
22.07.2017 13:13;6.93;0;6.93;0;6.93;0;;
22.07.2017 13:14;6.923333333;0;6.923333333;0;6.923333333;0;;
22.07.2017 13:15;6.936666667;0;6.936666667;0;6.936666667;0;;
22.07.2017 13:16;6.933333333;0;6.933333333;0;6.933333333;0;;
22.07.2017 13:17;6.913333333;0;6.913333333;0;6.913333333;0;;
22.07.2017 13:18;6.906666667;0;6.906666667;0;6.906666667;0;;
22.07.2017 13:19;6.906666667;0;6.906666667;0;6.906666667;0;;
22.07.2017 13:20;6.906666667;0;6.906666667;0;6.906666667;0;;
22.07.2017 13:21;6.923333333;0;6.923333333;0;6.923333333;0;;
22.07.2017 13:22;6.916666667;0;6.916666667;0;6.916666667;0;;
22.07.2017 13:23;6.933333333;0;6.933333333;0;6.933333333;0;;
22.07.2017 13:24;6.926666667;0;6.926666667;0;6.926666667;0;;
22.07.2017 13:25;6.923333333;0;6.923333333;0;6.923333333;0;;
22.07.2017 13:26;6.933333333;0;6.933333333;0;6.933333333;0;;
22.07.2017 13:27;6.923333333;0;6.923333333;0;6.923333333;0;;
22.07.2017 13:28;6.943333333;0;6.943333333;0;6.943333333;0;;
22.07.2017 13:29;6.946666667;0;6.946666667;0;6.946666667;0;;
22.07.2017 13:30;6.956666667;0;6.956666667;0;6.956666667;0;;
22.07.2017 13:31;6.453333333;0;6.453333333;0;6.453333333;0;;
22.07.2017 13:32;6.453333333;0;6.453333333;0;6.453333333;0;;
22.07.2017 13:33;6.453333333;0;6.453333333;0;6.453333333;0;;
22.07.2017 13:34;4.303333333;0;4.303333333;0;4.303333333;0;;
22.07.2017 13:35;6.45;0;6.45;0;6.45;0;;
22.07.2017 13:36;6.446666667;0;6.446666667;0;6.446666667;0;;
22.07.2017 13:37;6.46;0;6.46;0;6.46;0;;
22.07.2017 13:38;6.453333333;0;6.453333333;0;6.453333333;0;;
22.07.2017 13:39;6.443333333;0;6.443333333;0;6.443333333;0;;
22.07.2017 13:40;6.463333333;0;6.463333333;0;6.463333333;0;;
22.07.2017 13:41;6.463333333;0;6.463333333;0;6.463333333;0;;
22.07.2017 13:42;6.466666667;0;6.466666667;0;6.466666667;0;;
22.07.2017 13:43;6.47;0;6.47;0;6.47;0;;
22.07.2017 13:44;6.463333333;0;6.463333333;0;6.463333333;0;;
22.07.2017 13:45;6.463333333;0;6.463333333;0;6.463333333;0;;
22.07.2017 13:46;6.463333333;0;6.463333333;0;6.463333333;0;;
22.07.2017 13:47;6.443333333;0;6.443333333;0;6.443333333;0;;
22.07.2017 13:48;6.443333333;0;6.443333333;0;6.443333333;0;;
22.07.2017 13:49;6.46;0;6.46;0;6.46;0;;
22.07.2017 13:50;6.446666667;0;6.446666667;0;6.446666667;0;;
22.07.2017 13:51;1.266666667;0;1.266666667;0;1.266666667;0;;
22.07.2017 13:52;3.446666667;0;3.446666667;0;3.446666667;0;;
22.07.2017 13:53;3.81;0;3.81;0;3.81;0;;
22.07.2017 13:54;5.116666667;0;5.116666667;0;5.116666667;0;;
22.07.2017 13:55;7.576666667;0;7.576666667;0;7.576666667;0;;
22.07.2017 13:56;7.143333333;0;7.143333333;0;7.143333333;0;;
22.07.2017 13:57;7.116666667;0;7.116666667;0;7.116666667;0;;
22.07.2017 13:58;7.1;0;7.1;0;7.1;0;;
22.07.2017 13:59;6.626666667;0;6.626666667;0;6.626666667;0;;
22.07.2017 14:00;6.653333333;0;6.653333333;0;6.653333333;0;;
22.07.2017 14:01;6.663333333;0;6.663333333;0;6.663333333;0;;
22.07.2017 14:02;6.626666667;0;6.626666667;0;6.626666667;0;;
22.07.2017 14:03;6.396666667;0;6.396666667;0;6.396666667;0;;
22.07.2017 14:04;6.396666667;0;6.396666667;0;6.396666667;0;;
22.07.2017 14:05;6.373333333;0;6.373333333;0;6.373333333;0;;
22.07.2017 14:06;6.376666667;0;6.376666667;0;6.376666667;0;;
22.07.2017 14:07;6.403333333;0;6.403333333;0;6.403333333;0;;
22.07.2017 14:08;6.423333333;0;6.423333333;0;6.423333333;0;;
22.07.2017 14:09;6.41;0;6.41;0;6.41;0;;
22.07.2017 14:10;6.396666667;0;6.396666667;0;6.396666667;0;;
22.07.2017 14:11;6.403333333;0;6.403333333;0;6.403333333;0;;
22.07.2017 14:12;6.426666667;0;6.426666667;0;6.426666667;0;;
22.07.2017 14:13;6.39;0;6.39;0;6.39;0;;
22.07.2017 14:14;6.4;0;6.4;0;6.4;0;;
22.07.2017 14:15;6.39;0;6.39;0;6.39;0;;
22.07.2017 14:16;6.41;0;6.41;0;6.41;0;;
22.07.2017 14:17;6.383333333;0;6.383333333;0;6.383333333;0;;
22.07.2017 14:18;6.373333333;0;6.373333333;0;6.373333333;0;;
22.07.2017 14:19;6.426666667;0;6.426666667;0;6.426666667;0;;
22.07.2017 14:20;6.4;0;6.4;0;6.4;0;;
22.07.2017 14:21;6.396666667;0;6.396666667;0;6.396666667;0;;
22.07.2017 14:22;6.413333333;0;6.413333333;0;6.413333333;0;;
22.07.2017 14:23;7.613333333;0;7.613333333;0;7.613333333;0;;
22.07.2017 14:24;7.586666667;0;7.586666667;0;7.586666667;0;;
22.07.2017 14:25;7.6;0;7.6;0;7.6;0;;
22.07.2017 14:26;7.576666667;0;7.576666667;0;7.576666667;0;;
22.07.2017 14:27;7.116666667;0;7.116666667;0;7.116666667;0;;
22.07.2017 14:28;7.103333333;0;7.103333333;0;7.103333333;0;;
22.07.2017 14:29;7.11;0;7.11;0;7.11;0;;
22.07.2017 14:30;6.89;0;6.89;0;6.89;0;;
22.07.2017 14:31;6.903333333;0;6.903333333;0;6.903333333;0;;
22.07.2017 14:32;6.89;0;6.89;0;6.89;0;;
22.07.2017 14:33;6.886666667;0;6.886666667;0;6.886666667;0;;
22.07.2017 14:34;6.41;0;6.41;0;6.41;0;;
22.07.2017 14:35;6.42;0;6.42;0;6.42;0;;
22.07.2017 14:36;6.423333333;0;6.423333333;0;6.423333333;0;;
22.07.2017 14:37;6.423333333;0;6.423333333;0;6.423333333;0;;
22.07.2017 14:38;6.383333333;0;6.383333333;0;6.383333333;0;;
22.07.2017 14:39;6.423333333;0;6.423333333;0;6.423333333;0;;
22.07.2017 14:40;6.426666667;0;6.426666667;0;6.426666667;0;;
22.07.2017 14:41;6.423333333;0;6.423333333;0;6.423333333;0;;
22.07.2017 14:42;6.416666667;0;6.416666667;0;6.416666667;0;;
22.07.2017 14:43;6.19;0;6.19;0;6.19;0;;
22.07.2017 14:44;6.18;0;6.18;0;6.18;0;;
22.07.2017 14:45;6.16;0;6.16;0;6.16;0;;
22.07.2017 14:46;6.17;0;6.17;0;6.17;0;;
22.07.2017 14:47;6.196666667;0;6.196666667;0;6.196666667;0;;
22.07.2017 14:48;6.173333333;0;6.173333333;0;6.173333333;0;;
22.07.2017 14:49;6.183333333;0;6.183333333;0;6.183333333;0;;
22.07.2017 14:50;6.166666667;0;6.166666667;0;6.166666667;0;;
22.07.2017 14:51;6.19;0;6.19;0;6.19;0;;
22.07.2017 14:52;6.17;0;6.17;0;6.17;0;;
22.07.2017 14:53;6.19;0;6.19;0;6.19;0;;
22.07.2017 14:54;6.17;0;6.17;0;6.17;0;;
22.07.2017 14:55;6.193333333;0;6.193333333;0;6.193333333;0;;
22.07.2017 14:56;6.2;0;6.2;0;6.2;0;;
22.07.2017 14:57;6.206666667;0;6.206666667;0;6.206666667;0;;
22.07.2017 14:58;6.166666667;0;6.166666667;0;6.166666667;0;;
22.07.2017 14:59;6.186666667;0;6.186666667;0;6.186666667;0;;
22.07.2017 15:00;6.196666667;0;6.196666667;0;6.196666667;0;;
22.07.2017 15:01;6.193333333;0;6.193333333;0;6.193333333;0;;
22.07.2017 15:02;6.17;0;6.17;0;6.17;0;;
22.07.2017 15:03;6.176666667;0;6.176666667;0;6.176666667;0;;
22.07.2017 15:04;6.183333333;0;6.183333333;0;6.183333333;0;;
22.07.2017 15:05;7.616666667;0;7.616666667;0;7.616666667;0;;
22.07.2017 15:06;7.616666667;0;7.616666667;0;7.616666667;0;;
22.07.2017 15:07;7.126666667;0;7.126666667;0;7.126666667;0;;
22.07.2017 15:08;7.14;0;7.14;0;7.14;0;;
22.07.2017 15:09;7.143333333;0;7.143333333;0;7.143333333;0;;
22.07.2017 15:10;7.133333333;0;7.133333333;0;7.133333333;0;;
22.07.2017 15:11;7.136666667;0;7.136666667;0;7.136666667;0;;
22.07.2017 15:12;7.133333333;0;7.133333333;0;7.133333333;0;;
22.07.2017 15:13;7.133333333;0;7.133333333;0;7.133333333;0;;
22.07.2017 15:14;7.14;0;7.14;0;7.14;0;;
22.07.2017 15:15;7.133333333;0;7.133333333;0;7.133333333;0;;
22.07.2017 15:16;7.146666667;0;7.146666667;0;7.146666667;0;;
22.07.2017 15:17;7.143333333;0;7.143333333;0;7.143333333;0;;
22.07.2017 15:18;7.133333333;0;7.133333333;0;7.133333333;0;;
22.07.2017 15:19;7.143333333;0;7.143333333;0;7.143333333;0;;
22.07.2017 15:20;7.16;0;7.16;0;7.16;0;;
22.07.2017 15:21;7.136666667;0;7.136666667;0;7.136666667;0;;
22.07.2017 15:22;7.126666667;0;7.126666667;0;7.126666667;0;;
22.07.2017 15:23;7.14;0;7.14;0;7.14;0;;
22.07.2017 15:24;6.903333333;0;6.903333333;0;6.903333333;0;;
22.07.2017 15:25;6.876666667;0;6.876666667;0;6.876666667;0;;
22.07.2017 15:26;6.903333333;0;6.903333333;0;6.903333333;0;;
22.07.2017 15:27;6.41;0;6.41;0;6.41;0;;
22.07.2017 15:28;6.44;0;6.44;0;6.44;0;;
22.07.2017 15:29;6.406666667;0;6.406666667;0;6.406666667;0;;
22.07.2017 15:30;6.406666667;0;6.406666667;0;6.406666667;0;;
22.07.2017 15:31;6.43;0;6.43;0;6.43;0;;
22.07.2017 15:32;6.403333333;0;6.403333333;0;6.403333333;0;;
22.07.2017 15:33;6.416666667;0;6.416666667;0;6.416666667;0;;
22.07.2017 15:34;6.426666667;0;6.426666667;0;6.426666667;0;;
22.07.2017 15:35;6.43;0;6.43;0;6.43;0;;
22.07.2017 15:36;6.43;0;6.43;0;6.43;0;;
22.07.2017 15:37;6.41;0;6.41;0;6.41;0;;
22.07.2017 15:38;6.426666667;0;6.426666667;0;6.426666667;0;;
22.07.2017 15:39;6.423333333;0;6.423333333;0;6.423333333;0;;
22.07.2017 15:40;6.423333333;0;6.423333333;0;6.423333333;0;;
22.07.2017 15:41;6.426666667;0;6.426666667;0;6.426666667;0;;
22.07.2017 15:42;6.416666667;0;6.416666667;0;6.416666667;0;;
22.07.2017 15:43;6.426666667;0;6.426666667;0;6.426666667;0;;
22.07.2017 15:44;6.433333333;0;6.433333333;0;6.433333333;0;;
22.07.2017 15:45;6.416666667;0;6.416666667;0;6.416666667;0;;
22.07.2017 15:46;6.423333333;0;6.423333333;0;6.423333333;0;;
22.07.2017 15:47;6.423333333;0;6.423333333;0;6.423333333;0;;
22.07.2017 15:48;6.41;0;6.41;0;6.41;0;;
22.07.2017 15:49;6.436666667;0;6.436666667;0;6.436666667;0;;
22.07.2017 15:50;6.426666667;0;6.426666667;0;6.426666667;0;;
22.07.2017 15:51;6.433333333;0;6.433333333;0;6.433333333;0;;
22.07.2017 15:52;6.42;0;6.42;0;6.42;0;;
22.07.2017 15:53;6.416666667;0;6.416666667;0;6.416666667;0;;
22.07.2017 15:54;6.44;0;6.44;0;6.44;0;;
22.07.2017 15:55;6.436666667;0;6.436666667;0;6.436666667;0;;
22.07.2017 15:56;6.596666667;0;6.596666667;0;6.596666667;0;;
22.07.2017 15:57;7.62;0;7.62;0;7.62;0;;
22.07.2017 15:58;7.61;0;7.61;0;7.61;0;;
22.07.2017 15:59;7.623333333;0;7.623333333;0;7.623333333;0;;
22.07.2017 16:00;7.143333333;0;7.143333333;0;7.143333333;0;;
22.07.2017 16:01;7.153333333;0;7.153333333;0;7.153333333;0;;
22.07.2017 16:02;7.156666667;0;7.156666667;0;7.156666667;0;;
22.07.2017 16:03;7.146666667;0;7.146666667;0;7.146666667;0;;
22.07.2017 16:04;7.156666667;0;7.156666667;0;7.156666667;0;;
22.07.2017 16:05;6.91;0;6.91;0;6.91;0;;
22.07.2017 16:06;6.903333333;0;6.903333333;0;6.903333333;0;;
22.07.2017 16:07;6.906666667;0;6.906666667;0;6.906666667;0;;
22.07.2017 16:08;6.92;0;6.92;0;6.92;0;;
22.07.2017 16:09;6.9;0;6.9;0;6.9;0;;
22.07.2017 16:10;6.91;0;6.91;0;6.91;0;;
22.07.2017 16:11;6.893333333;0;6.893333333;0;6.893333333;0;;
22.07.2017 16:12;6.913333333;0;6.913333333;0;6.913333333;0;;
22.07.2017 16:13;6.926666667;0;6.926666667;0;6.926666667;0;;
22.07.2017 16:14;6.923333333;0;6.923333333;0;6.923333333;0;;
22.07.2017 16:15;6.95;0;6.95;0;6.95;0;;
22.07.2017 16:16;6.93;0;6.93;0;6.93;0;;
22.07.2017 16:17;6.92;0;6.92;0;6.92;0;;
22.07.2017 16:18;6.926666667;0;6.926666667;0;6.926666667;0;;
22.07.2017 16:19;6.926666667;0;6.926666667;0;6.926666667;0;;
22.07.2017 16:20;6.923333333;0;6.923333333;0;6.923333333;0;;
22.07.2017 16:21;6.913333333;0;6.913333333;0;6.913333333;0;;
22.07.2017 16:22;6.91;0;6.91;0;6.91;0;;
22.07.2017 16:23;6.92;0;6.92;0;6.92;0;;
22.07.2017 16:24;6.913333333;0;6.913333333;0;6.913333333;0;;
22.07.2017 16:25;6.923333333;0;6.923333333;0;6.923333333;0;;
22.07.2017 16:26;6.913333333;0;6.913333333;0;6.913333333;0;;
22.07.2017 16:27;6.93;0;6.93;0;6.93;0;;
22.07.2017 16:28;6.933333333;0;6.933333333;0;6.933333333;0;;
22.07.2017 16:29;6.946666667;0;6.946666667;0;6.946666667;0;;
22.07.2017 16:30;6.943333333;0;6.943333333;0;6.943333333;0;;
22.07.2017 16:31;6.906666667;0;6.906666667;0;6.906666667;0;;
22.07.2017 16:32;6.936666667;0;6.936666667;0;6.936666667;0;;
22.07.2017 16:33;6.9;0;6.9;0;6.9;0;;
22.07.2017 16:34;6.91;0;6.91;0;6.91;0;;
22.07.2017 16:35;6.926666667;0;6.926666667;0;6.926666667;0;;
22.07.2017 16:36;6.93;0;6.93;0;6.93;0;;
22.07.2017 16:37;6.913333333;0;6.913333333;0;6.913333333;0;;
22.07.2017 16:38;6.926666667;0;6.926666667;0;6.926666667;0;;
22.07.2017 16:39;6.916666667;0;6.916666667;0;6.916666667;0;;
22.07.2017 16:40;6.93;0;6.93;0;6.93;0;;
22.07.2017 16:41;6.923333333;0;6.923333333;0;6.923333333;0;;
22.07.2017 16:42;6.936666667;0;6.936666667;0;6.936666667;0;;
22.07.2017 16:43;6.933333333;0;6.933333333;0;6.933333333;0;;
22.07.2017 16:44;6.913333333;0;6.913333333;0;6.913333333;0;;
22.07.2017 16:45;6.906666667;0;6.906666667;0;6.906666667;0;;
22.07.2017 16:46;6.906666667;0;6.906666667;0;6.906666667;0;;
22.07.2017 16:47;6.906666667;0;6.906666667;0;6.906666667;0;;
22.07.2017 16:48;6.923333333;0;6.923333333;0;6.923333333;0;;
22.07.2017 16:49;6.916666667;0;6.916666667;0;6.916666667;0;;
22.07.2017 16:50;6.933333333;0;6.933333333;0;6.933333333;0;;
22.07.2017 16:51;6.926666667;0;6.926666667;0;6.926666667;0;;
22.07.2017 16:52;6.923333333;0;6.923333333;0;6.923333333;0;;
22.07.2017 16:53;6.933333333;0;6.933333333;0;6.933333333;0;;
22.07.2017 16:54;6.923333333;0;6.923333333;0;6.923333333;0;;
22.07.2017 16:55;6.943333333;0;6.943333333;0;6.943333333;0;;
22.07.2017 16:56;6.946666667;0;6.946666667;0;6.946666667;0;;
22.07.2017 16:57;6.956666667;0;6.956666667;0;6.956666667;0;;
22.07.2017 16:58;6.453333333;0;6.453333333;0;6.453333333;0;;
22.07.2017 16:59;6.453333333;0;6.453333333;0;6.453333333;0;;
22.07.2017 17:00;6.453333333;0;6.453333333;0;6.453333333;0;;
22.07.2017 17:01;4.303333333;0;4.303333333;0;4.303333333;0;;
22.07.2017 17:02;6.45;0;6.45;0;6.45;0;;
22.07.2017 17:03;6.446666667;0;6.446666667;0;6.446666667;0;;
22.07.2017 17:04;6.46;0;6.46;0;6.46;0;;
22.07.2017 17:05;6.453333333;0;6.453333333;0;6.453333333;0;;
22.07.2017 17:06;6.443333333;0;6.443333333;0;6.443333333;0;;
22.07.2017 17:07;6.463333333;0;6.463333333;0;6.463333333;0;;
22.07.2017 17:08;6.463333333;0;6.463333333;0;6.463333333;0;;
22.07.2017 17:09;6.466666667;0;6.466666667;0;6.466666667;0;;
22.07.2017 17:10;6.47;0;6.47;0;6.47;0;;
22.07.2017 17:11;6.463333333;0;6.463333333;0;6.463333333;0;;
22.07.2017 17:12;6.463333333;0;6.463333333;0;6.463333333;0;;
22.07.2017 17:13;6.463333333;0;6.463333333;0;6.463333333;0;;
22.07.2017 17:14;6.443333333;0;6.443333333;0;6.443333333;0;;
22.07.2017 17:15;6.443333333;0;6.443333333;0;6.443333333;0;;
22.07.2017 17:16;6.46;0;6.46;0;6.46;0;;
22.07.2017 17:17;6.446666667;0;6.446666667;0;6.446666667;0;;
22.07.2017 17:18;1.266666667;0;1.266666667;0;1.266666667;0;;
22.07.2017 17:19;3.446666667;0;3.446666667;0;3.446666667;0;;
22.07.2017 17:20;3.81;0;3.81;0;3.81;0;;
22.07.2017 17:21;5.116666667;0;5.116666667;0;5.116666667;0;;
22.07.2017 17:22;7.576666667;0;7.576666667;0;7.576666667;0;;
22.07.2017 17:23;7.143333333;0;7.143333333;0;7.143333333;0;;
22.07.2017 17:24;7.116666667;0;7.116666667;0;7.116666667;0;;
22.07.2017 17:25;7.1;0;7.1;0;7.1;0;;
22.07.2017 17:26;6.626666667;0;6.626666667;0;6.626666667;0;;
22.07.2017 17:27;6.653333333;0;6.653333333;0;6.653333333;0;;
22.07.2017 17:28;6.663333333;0;6.663333333;0;6.663333333;0;;
22.07.2017 17:29;6.626666667;0;6.626666667;0;6.626666667;0;;
22.07.2017 17:30;6.396666667;0;6.396666667;0;6.396666667;0;;
22.07.2017 17:31;6.396666667;0;6.396666667;0;6.396666667;0;;
22.07.2017 17:32;6.373333333;0;6.373333333;0;6.373333333;0;;
22.07.2017 17:33;6.376666667;0;6.376666667;0;6.376666667;0;;
22.07.2017 17:34;6.403333333;0;6.403333333;0;6.403333333;0;;
22.07.2017 17:35;6.423333333;0;6.423333333;0;6.423333333;0;;
22.07.2017 17:36;6.41;0;6.41;0;6.41;0;;
22.07.2017 17:37;6.396666667;0;6.396666667;0;6.396666667;0;;
22.07.2017 17:38;6.403333333;0;6.403333333;0;6.403333333;0;;
22.07.2017 17:39;6.426666667;0;6.426666667;0;6.426666667;0;;
22.07.2017 17:40;6.39;0;6.39;0;6.39;0;;
22.07.2017 17:41;6.4;0;6.4;0;6.4;0;;
22.07.2017 17:42;6.39;0;6.39;0;6.39;0;;
22.07.2017 17:43;6.41;0;6.41;0;6.41;0;;
22.07.2017 17:44;6.383333333;0;6.383333333;0;6.383333333;0;;
22.07.2017 17:45;6.373333333;0;6.373333333;0;6.373333333;0;;
22.07.2017 17:46;6.426666667;0;6.426666667;0;6.426666667;0;;
22.07.2017 17:47;6.4;0;6.4;0;6.4;0;;
22.07.2017 17:48;6.396666667;0;6.396666667;0;6.396666667;0;;
22.07.2017 17:49;6.413333333;0;6.413333333;0;6.413333333;0;;
22.07.2017 17:50;7.613333333;0;7.613333333;0;7.613333333;0;;
22.07.2017 17:51;7.586666667;0;7.586666667;0;7.586666667;0;;
22.07.2017 17:52;7.6;0;7.6;0;7.6;0;;
22.07.2017 17:53;7.576666667;0;7.576666667;0;7.576666667;0;;
22.07.2017 17:54;7.116666667;0;7.116666667;0;7.116666667;0;;
22.07.2017 17:55;7.103333333;0;7.103333333;0;7.103333333;0;;
22.07.2017 17:56;7.11;0;7.11;0;7.11;0;;
22.07.2017 17:57;6.89;0;6.89;0;6.89;0;;
22.07.2017 17:58;6.903333333;0;6.903333333;0;6.903333333;0;;
22.07.2017 17:59;6.89;0;6.89;0;6.89;0;;
22.07.2017 18:00;6.886666667;0;6.886666667;0;6.886666667;0;;
22.07.2017 18:01;6.41;0;6.41;0;6.41;0;;
22.07.2017 18:02;6.42;0;6.42;0;6.42;0;;
22.07.2017 18:03;6.423333333;0;6.423333333;0;6.423333333;0;;
22.07.2017 18:04;6.423333333;0;6.423333333;0;6.423333333;0;;
22.07.2017 18:05;6.383333333;0;6.383333333;0;6.383333333;0;;
22.07.2017 18:06;6.423333333;0;6.423333333;0;6.423333333;0;;
22.07.2017 18:07;6.426666667;0;6.426666667;0;6.426666667;0;;
22.07.2017 18:08;6.423333333;0;6.423333333;0;6.423333333;0;;
22.07.2017 18:09;6.416666667;0;6.416666667;0;6.416666667;0;;
22.07.2017 18:10;6.19;0;6.19;0;6.19;0;;
22.07.2017 18:11;6.18;0;6.18;0;6.18;0;;
22.07.2017 18:12;6.16;0;6.16;0;6.16;0;;
22.07.2017 18:13;6.17;0;6.17;0;6.17;0;;
22.07.2017 18:14;6.196666667;0;6.196666667;0;6.196666667;0;;
22.07.2017 18:15;6.173333333;0;6.173333333;0;6.173333333;0;;
22.07.2017 18:16;6.183333333;0;6.183333333;0;6.183333333;0;;
22.07.2017 18:17;6.166666667;0;6.166666667;0;6.166666667;0;;
22.07.2017 18:18;6.19;0;6.19;0;6.19;0;;
22.07.2017 18:19;6.17;0;6.17;0;6.17;0;;
22.07.2017 18:20;6.19;0;6.19;0;6.19;0;;
22.07.2017 18:21;6.17;0;6.17;0;6.17;0;;
22.07.2017 18:22;6.193333333;0;6.193333333;0;6.193333333;0;;
22.07.2017 18:23;6.2;0;6.2;0;6.2;0;;
22.07.2017 18:24;6.206666667;0;6.206666667;0;6.206666667;0;;
22.07.2017 18:25;6.166666667;0;6.166666667;0;6.166666667;0;;
22.07.2017 18:26;6.186666667;0;6.186666667;0;6.186666667;0;;
22.07.2017 18:27;6.196666667;0;6.196666667;0;6.196666667;0;;
22.07.2017 18:28;6.193333333;0;6.193333333;0;6.193333333;0;;
22.07.2017 18:29;6.17;0;6.17;0;6.17;0;;
22.07.2017 18:30;6.176666667;0;6.176666667;0;6.176666667;0;;
22.07.2017 18:31;6.183333333;0;6.183333333;0;6.183333333;0;;
22.07.2017 18:32;7.616666667;0;7.616666667;0;7.616666667;0;;
22.07.2017 18:33;7.616666667;0;7.616666667;0;7.616666667;0;;
22.07.2017 18:34;7.126666667;0;7.126666667;0;7.126666667;0;;
22.07.2017 18:35;7.14;0;7.14;0;7.14;0;;
22.07.2017 18:36;7.143333333;0;7.143333333;0;7.143333333;0;;
22.07.2017 18:37;7.133333333;0;7.133333333;0;7.133333333;0;;
22.07.2017 18:38;7.136666667;0;7.136666667;0;7.136666667;0;;
22.07.2017 18:39;7.133333333;0;7.133333333;0;7.133333333;0;;
22.07.2017 18:40;7.133333333;0;7.133333333;0;7.133333333;0;;
22.07.2017 18:41;7.14;0;7.14;0;7.14;0;;
22.07.2017 18:42;7.133333333;0;7.133333333;0;7.133333333;0;;
22.07.2017 18:43;7.146666667;0;7.146666667;0;7.146666667;0;;
22.07.2017 18:44;7.143333333;0;7.143333333;0;7.143333333;0;;
22.07.2017 18:45;7.133333333;0;7.133333333;0;7.133333333;0;;
22.07.2017 18:46;7.143333333;0;7.143333333;0;7.143333333;0;;
22.07.2017 18:47;7.16;0;7.16;0;7.16;0;;
22.07.2017 18:48;7.136666667;0;7.136666667;0;7.136666667;0;;
22.07.2017 18:49;7.126666667;0;7.126666667;0;7.126666667;0;;
22.07.2017 18:50;7.14;0;7.14;0;7.14;0;;
22.07.2017 18:51;6.903333333;0;6.903333333;0;6.903333333;0;;
22.07.2017 18:52;6.876666667;0;6.876666667;0;6.876666667;0;;
22.07.2017 18:53;6.903333333;0;6.903333333;0;6.903333333;0;;
22.07.2017 18:54;6.41;0;6.41;0;6.41;0;;
22.07.2017 18:55;6.44;0;6.44;0;6.44;0;;
22.07.2017 18:56;6.406666667;0;6.406666667;0;6.406666667;0;;
22.07.2017 18:57;6.406666667;0;6.406666667;0;6.406666667;0;;
22.07.2017 18:58;6.43;0;6.43;0;6.43;0;;
22.07.2017 18:59;6.403333333;0;6.403333333;0;6.403333333;0;;
22.07.2017 19:00;6.416666667;0;6.416666667;0;6.416666667;0;;
22.07.2017 19:01;6.426666667;0;6.426666667;0;6.426666667;0;;
22.07.2017 19:02;6.43;0;6.43;0;6.43;0;;
22.07.2017 19:03;6.43;0;6.43;0;6.43;0;;
22.07.2017 19:04;6.41;0;6.41;0;6.41;0;;
22.07.2017 19:05;6.426666667;0;6.426666667;0;6.426666667;0;;
22.07.2017 19:06;6.423333333;0;6.423333333;0;6.423333333;0;;
22.07.2017 19:07;6.423333333;0;6.423333333;0;6.423333333;0;;
22.07.2017 19:08;6.426666667;0;6.426666667;0;6.426666667;0;;
22.07.2017 19:09;6.416666667;0;6.416666667;0;6.416666667;0;;
22.07.2017 19:10;6.426666667;0;6.426666667;0;6.426666667;0;;
22.07.2017 19:11;6.433333333;0;6.433333333;0;6.433333333;0;;
22.07.2017 19:12;6.416666667;0;6.416666667;0;6.416666667;0;;
22.07.2017 19:13;6.423333333;0;6.423333333;0;6.423333333;0;;
22.07.2017 19:14;6.423333333;0;6.423333333;0;6.423333333;0;;
22.07.2017 19:15;6.41;0;6.41;0;6.41;0;;
22.07.2017 19:16;6.436666667;0;6.436666667;0;6.436666667;0;;
22.07.2017 19:17;6.426666667;0;6.426666667;0;6.426666667;0;;
22.07.2017 19:18;6.433333333;0;6.433333333;0;6.433333333;0;;
22.07.2017 19:19;6.42;0;6.42;0;6.42;0;;
22.07.2017 19:20;6.416666667;0;6.416666667;0;6.416666667;0;;
22.07.2017 19:21;6.44;0;6.44;0;6.44;0;;
22.07.2017 19:22;6.436666667;0;6.436666667;0;6.436666667;0;;
22.07.2017 19:23;6.596666667;0;6.596666667;0;6.596666667;0;;
22.07.2017 19:24;7.62;0;7.62;0;7.62;0;;
22.07.2017 19:25;7.61;0;7.61;0;7.61;0;;
22.07.2017 19:26;7.623333333;0;7.623333333;0;7.623333333;0;;
22.07.2017 19:27;7.143333333;0;7.143333333;0;7.143333333;0;;
22.07.2017 19:28;7.153333333;0;7.153333333;0;7.153333333;0;;
22.07.2017 19:29;7.156666667;0;7.156666667;0;7.156666667;0;;
22.07.2017 19:30;7.146666667;0;7.146666667;0;7.146666667;0;;
22.07.2017 19:31;7.156666667;0;7.156666667;0;7.156666667;0;;
22.07.2017 19:32;6.91;0;6.91;0;6.91;0;;
22.07.2017 19:33;6.903333333;0;6.903333333;0;6.903333333;0;;
22.07.2017 19:34;6.906666667;0;6.906666667;0;6.906666667;0;;
22.07.2017 19:35;6.92;0;6.92;0;6.92;0;;
22.07.2017 19:36;6.9;0;6.9;0;6.9;0;;
22.07.2017 19:37;6.91;0;6.91;0;6.91;0;;
22.07.2017 19:38;6.893333333;0;6.893333333;0;6.893333333;0;;
22.07.2017 19:39;6.913333333;0;6.913333333;0;6.913333333;0;;
22.07.2017 19:40;6.926666667;0;6.926666667;0;6.926666667;0;;
22.07.2017 19:41;6.923333333;0;6.923333333;0;6.923333333;0;;
22.07.2017 19:42;6.95;0;6.95;0;6.95;0;;
22.07.2017 19:43;6.93;0;6.93;0;6.93;0;;
22.07.2017 19:44;6.92;0;6.92;0;6.92;0;;
22.07.2017 19:45;6.926666667;0;6.926666667;0;6.926666667;0;;
22.07.2017 19:46;6.926666667;0;6.926666667;0;6.926666667;0;;
22.07.2017 19:47;6.923333333;0;6.923333333;0;6.923333333;0;;
22.07.2017 19:48;6.913333333;0;6.913333333;0;6.913333333;0;;
22.07.2017 19:49;6.91;0;6.91;0;6.91;0;;
22.07.2017 19:50;6.92;0;6.92;0;6.92;0;;
22.07.2017 19:51;6.913333333;0;6.913333333;0;6.913333333;0;;
22.07.2017 19:52;6.923333333;0;6.923333333;0;6.923333333;0;;
22.07.2017 19:53;6.913333333;0;6.913333333;0;6.913333333;0;;
22.07.2017 19:54;6.93;0;6.93;0;6.93;0;;
22.07.2017 19:55;6.933333333;0;6.933333333;0;6.933333333;0;;
22.07.2017 19:56;6.946666667;0;6.946666667;0;6.946666667;0;;
22.07.2017 19:57;6.943333333;0;6.943333333;0;6.943333333;0;;
22.07.2017 19:58;6.906666667;0;6.906666667;0;6.906666667;0;;
22.07.2017 19:59;6.936666667;0;6.936666667;0;6.936666667;0;;
22.07.2017 20:00;6.9;0;6.9;0;6.9;0;;
22.07.2017 20:01;6.91;0;6.91;0;6.91;0;;
22.07.2017 20:02;6.926666667;0;6.926666667;0;6.926666667;0;;
22.07.2017 20:03;6.93;0;6.93;0;6.93;0;;
22.07.2017 20:04;6.913333333;0;6.913333333;0;6.913333333;0;;
22.07.2017 20:05;6.926666667;0;6.926666667;0;6.926666667;0;;
22.07.2017 20:06;6.916666667;0;6.916666667;0;6.916666667;0;;
22.07.2017 20:07;6.93;0;6.93;0;6.93;0;;
22.07.2017 20:08;6.923333333;0;6.923333333;0;6.923333333;0;;
22.07.2017 20:09;6.936666667;0;6.936666667;0;6.936666667;0;;
22.07.2017 20:10;6.933333333;0;6.933333333;0;6.933333333;0;;
22.07.2017 20:11;6.913333333;0;6.913333333;0;6.913333333;0;;
22.07.2017 20:12;6.906666667;0;6.906666667;0;6.906666667;0;;
22.07.2017 20:13;6.906666667;0;6.906666667;0;6.906666667;0;;
22.07.2017 20:14;6.906666667;0;6.906666667;0;6.906666667;0;;
22.07.2017 20:15;6.923333333;0;6.923333333;0;6.923333333;0;;
22.07.2017 20:16;6.916666667;0;6.916666667;0;6.916666667;0;;
22.07.2017 20:17;6.933333333;0;6.933333333;0;6.933333333;0;;
22.07.2017 20:18;6.926666667;0;6.926666667;0;6.926666667;0;;
22.07.2017 20:19;6.923333333;0;6.923333333;0;6.923333333;0;;
22.07.2017 20:20;6.933333333;0;6.933333333;0;6.933333333;0;;
22.07.2017 20:21;6.923333333;0;6.923333333;0;6.923333333;0;;
22.07.2017 20:22;6.943333333;0;6.943333333;0;6.943333333;0;;
22.07.2017 20:23;6.946666667;0;6.946666667;0;6.946666667;0;;
22.07.2017 20:24;6.956666667;0;6.956666667;0;6.956666667;0;;
22.07.2017 20:25;6.453333333;0;6.453333333;0;6.453333333;0;;
22.07.2017 20:26;6.453333333;0;6.453333333;0;6.453333333;0;;
22.07.2017 20:27;6.453333333;0;6.453333333;0;6.453333333;0;;
22.07.2017 20:28;4.303333333;0;4.303333333;0;4.303333333;0;;
22.07.2017 20:29;6.45;0;6.45;0;6.45;0;;
22.07.2017 20:30;6.446666667;0;6.446666667;0;6.446666667;0;;
22.07.2017 20:31;6.46;0;6.46;0;6.46;0;;
22.07.2017 20:32;6.453333333;0;6.453333333;0;6.453333333;0;;
22.07.2017 20:33;6.443333333;0;6.443333333;0;6.443333333;0;;
22.07.2017 20:34;6.463333333;0;6.463333333;0;6.463333333;0;;
22.07.2017 20:35;6.463333333;0;6.463333333;0;6.463333333;0;;
22.07.2017 20:36;6.466666667;0;6.466666667;0;6.466666667;0;;
22.07.2017 20:37;6.47;0;6.47;0;6.47;0;;
22.07.2017 20:38;6.463333333;0;6.463333333;0;6.463333333;0;;
22.07.2017 20:39;6.463333333;0;6.463333333;0;6.463333333;0;;
22.07.2017 20:40;6.463333333;0;6.463333333;0;6.463333333;0;;
22.07.2017 20:41;6.443333333;0;6.443333333;0;6.443333333;0;;
22.07.2017 20:42;6.443333333;0;6.443333333;0;6.443333333;0;;
22.07.2017 20:43;6.46;0;6.46;0;6.46;0;;
22.07.2017 20:44;6.446666667;0;6.446666667;0;6.446666667;0;;
22.07.2017 20:45;1.266666667;0;1.266666667;0;1.266666667;0;;
22.07.2017 20:46;3.446666667;0;3.446666667;0;3.446666667;0;;
22.07.2017 20:47;3.81;0;3.81;0;3.81;0;;
22.07.2017 20:48;5.116666667;0;5.116666667;0;5.116666667;0;;
22.07.2017 20:49;7.576666667;0;7.576666667;0;7.576666667;0;;
22.07.2017 20:50;7.143333333;0;7.143333333;0;7.143333333;0;;
22.07.2017 20:51;7.116666667;0;7.116666667;0;7.116666667;0;;
22.07.2017 20:52;7.1;0;7.1;0;7.1;0;;
22.07.2017 20:53;6.626666667;0;6.626666667;0;6.626666667;0;;
22.07.2017 20:54;6.653333333;0;6.653333333;0;6.653333333;0;;
22.07.2017 20:55;6.663333333;0;6.663333333;0;6.663333333;0;;
22.07.2017 20:56;6.626666667;0;6.626666667;0;6.626666667;0;;
22.07.2017 20:57;6.396666667;0;6.396666667;0;6.396666667;0;;
22.07.2017 20:58;6.396666667;0;6.396666667;0;6.396666667;0;;
22.07.2017 20:59;6.373333333;0;6.373333333;0;6.373333333;0;;
22.07.2017 21:00;6.376666667;0;6.376666667;0;6.376666667;0;;
22.07.2017 21:01;6.403333333;0;6.403333333;0;6.403333333;0;;
22.07.2017 21:02;6.423333333;0;6.423333333;0;6.423333333;0;;
22.07.2017 21:03;6.41;0;6.41;0;6.41;0;;
22.07.2017 21:04;6.396666667;0;6.396666667;0;6.396666667;0;;
22.07.2017 21:05;6.403333333;0;6.403333333;0;6.403333333;0;;
22.07.2017 21:06;6.426666667;0;6.426666667;0;6.426666667;0;;
22.07.2017 21:07;6.39;0;6.39;0;6.39;0;;
22.07.2017 21:08;6.4;0;6.4;0;6.4;0;;
22.07.2017 21:09;6.39;0;6.39;0;6.39;0;;
22.07.2017 21:10;6.41;0;6.41;0;6.41;0;;
22.07.2017 21:11;6.383333333;0;6.383333333;0;6.383333333;0;;
22.07.2017 21:12;6.373333333;0;6.373333333;0;6.373333333;0;;
22.07.2017 21:13;6.426666667;0;6.426666667;0;6.426666667;0;;
22.07.2017 21:14;6.4;0;6.4;0;6.4;0;;
22.07.2017 21:15;6.396666667;0;6.396666667;0;6.396666667;0;;
22.07.2017 21:16;6.413333333;0;6.413333333;0;6.413333333;0;;
22.07.2017 21:17;7.613333333;0;7.613333333;0;7.613333333;0;;
22.07.2017 21:18;7.586666667;0;7.586666667;0;7.586666667;0;;
22.07.2017 21:19;7.6;0;7.6;0;7.6;0;;
22.07.2017 21:20;7.576666667;0;7.576666667;0;7.576666667;0;;
22.07.2017 21:21;7.116666667;0;7.116666667;0;7.116666667;0;;
22.07.2017 21:22;7.103333333;0;7.103333333;0;7.103333333;0;;
22.07.2017 21:23;7.11;0;7.11;0;7.11;0;;
22.07.2017 21:24;6.89;0;6.89;0;6.89;0;;
22.07.2017 21:25;6.903333333;0;6.903333333;0;6.903333333;0;;
22.07.2017 21:26;6.89;0;6.89;0;6.89;0;;
22.07.2017 21:27;6.886666667;0;6.886666667;0;6.886666667;0;;
22.07.2017 21:28;6.41;0;6.41;0;6.41;0;;
22.07.2017 21:29;6.42;0;6.42;0;6.42;0;;
22.07.2017 21:30;6.423333333;0;6.423333333;0;6.423333333;0;;
22.07.2017 21:31;6.423333333;0;6.423333333;0;6.423333333;0;;
22.07.2017 21:32;6.383333333;0;6.383333333;0;6.383333333;0;;
22.07.2017 21:33;6.423333333;0;6.423333333;0;6.423333333;0;;
22.07.2017 21:34;6.426666667;0;6.426666667;0;6.426666667;0;;
22.07.2017 21:35;6.423333333;0;6.423333333;0;6.423333333;0;;
22.07.2017 21:36;6.416666667;0;6.416666667;0;6.416666667;0;;
22.07.2017 21:37;6.19;0;6.19;0;6.19;0;;
22.07.2017 21:38;6.18;0;6.18;0;6.18;0;;
22.07.2017 21:39;6.16;0;6.16;0;6.16;0;;
22.07.2017 21:40;6.17;0;6.17;0;6.17;0;;
22.07.2017 21:41;6.196666667;0;6.196666667;0;6.196666667;0;;
22.07.2017 21:42;6.173333333;0;6.173333333;0;6.173333333;0;;
22.07.2017 21:43;6.183333333;0;6.183333333;0;6.183333333;0;;
22.07.2017 21:44;6.166666667;0;6.166666667;0;6.166666667;0;;
22.07.2017 21:45;6.19;0;6.19;0;6.19;0;;
22.07.2017 21:46;6.17;0;6.17;0;6.17;0;;
22.07.2017 21:47;6.19;0;6.19;0;6.19;0;;
22.07.2017 21:48;6.17;0;6.17;0;6.17;0;;
22.07.2017 21:49;6.193333333;0;6.193333333;0;6.193333333;0;;
22.07.2017 21:50;6.2;0;6.2;0;6.2;0;;
22.07.2017 21:51;6.206666667;0;6.206666667;0;6.206666667;0;;
22.07.2017 21:52;6.166666667;0;6.166666667;0;6.166666667;0;;
22.07.2017 21:53;6.186666667;0;6.186666667;0;6.186666667;0;;
22.07.2017 21:54;6.196666667;0;6.196666667;0;6.196666667;0;;
22.07.2017 21:55;6.193333333;0;6.193333333;0;6.193333333;0;;
22.07.2017 21:56;6.17;0;6.17;0;6.17;0;;
22.07.2017 21:57;6.176666667;0;6.176666667;0;6.176666667;0;;
22.07.2017 21:58;6.183333333;0;6.183333333;0;6.183333333;0;;
22.07.2017 21:59;7.616666667;0;7.616666667;0;7.616666667;0;;
22.07.2017 22:00;7.616666667;0;7.616666667;0;7.616666667;0;;
22.07.2017 22:01;7.126666667;0;7.126666667;0;7.126666667;0;;
22.07.2017 22:02;7.14;0;7.14;0;7.14;0;;
22.07.2017 22:03;7.143333333;0;7.143333333;0;7.143333333;0;;
22.07.2017 22:04;7.133333333;0;7.133333333;0;7.133333333;0;;
22.07.2017 22:05;7.136666667;0;7.136666667;0;7.136666667;0;;
22.07.2017 22:06;7.133333333;0;7.133333333;0;7.133333333;0;;
22.07.2017 22:07;7.133333333;0;7.133333333;0;7.133333333;0;;
22.07.2017 22:08;7.14;0;7.14;0;7.14;0;;
22.07.2017 22:09;7.133333333;0;7.133333333;0;7.133333333;0;;
22.07.2017 22:10;7.146666667;0;7.146666667;0;7.146666667;0;;
22.07.2017 22:11;7.143333333;0;7.143333333;0;7.143333333;0;;
22.07.2017 22:12;7.133333333;0;7.133333333;0;7.133333333;0;;
22.07.2017 22:13;7.143333333;0;7.143333333;0;7.143333333;0;;
22.07.2017 22:14;7.16;0;7.16;0;7.16;0;;
22.07.2017 22:15;7.136666667;0;7.136666667;0;7.136666667;0;;
22.07.2017 22:16;7.126666667;0;7.126666667;0;7.126666667;0;;
22.07.2017 22:17;7.14;0;7.14;0;7.14;0;;
22.07.2017 22:18;6.903333333;0;6.903333333;0;6.903333333;0;;
22.07.2017 22:19;6.876666667;0;6.876666667;0;6.876666667;0;;
22.07.2017 22:20;6.903333333;0;6.903333333;0;6.903333333;0;;
22.07.2017 22:21;6.41;0;6.41;0;6.41;0;;
22.07.2017 22:22;6.44;0;6.44;0;6.44;0;;
22.07.2017 22:23;6.406666667;0;6.406666667;0;6.406666667;0;;
22.07.2017 22:24;6.406666667;0;6.406666667;0;6.406666667;0;;
22.07.2017 22:25;6.43;0;6.43;0;6.43;0;;
22.07.2017 22:26;6.403333333;0;6.403333333;0;6.403333333;0;;
22.07.2017 22:27;6.416666667;0;6.416666667;0;6.416666667;0;;
22.07.2017 22:28;6.426666667;0;6.426666667;0;6.426666667;0;;
22.07.2017 22:29;6.43;0;6.43;0;6.43;0;;
22.07.2017 22:30;6.43;0;6.43;0;6.43;0;;
22.07.2017 22:31;6.41;0;6.41;0;6.41;0;;
22.07.2017 22:32;6.426666667;0;6.426666667;0;6.426666667;0;;
22.07.2017 22:33;6.423333333;0;6.423333333;0;6.423333333;0;;
22.07.2017 22:34;6.423333333;0;6.423333333;0;6.423333333;0;;
22.07.2017 22:35;6.426666667;0;6.426666667;0;6.426666667;0;;
22.07.2017 22:36;6.416666667;0;6.416666667;0;6.416666667;0;;
22.07.2017 22:37;6.426666667;0;6.426666667;0;6.426666667;0;;
22.07.2017 22:38;6.433333333;0;6.433333333;0;6.433333333;0;;
22.07.2017 22:39;6.416666667;0;6.416666667;0;6.416666667;0;;
22.07.2017 22:40;6.423333333;0;6.423333333;0;6.423333333;0;;
22.07.2017 22:41;6.423333333;0;6.423333333;0;6.423333333;0;;
22.07.2017 22:42;6.41;0;6.41;0;6.41;0;;
22.07.2017 22:43;6.436666667;0;6.436666667;0;6.436666667;0;;
22.07.2017 22:44;6.426666667;0;6.426666667;0;6.426666667;0;;
22.07.2017 22:45;6.433333333;0;6.433333333;0;6.433333333;0;;
22.07.2017 22:46;6.42;0;6.42;0;6.42;0;;
22.07.2017 22:47;6.416666667;0;6.416666667;0;6.416666667;0;;
22.07.2017 22:48;6.44;0;6.44;0;6.44;0;;
22.07.2017 22:49;6.436666667;0;6.436666667;0;6.436666667;0;;
22.07.2017 22:50;6.596666667;0;6.596666667;0;6.596666667;0;;
22.07.2017 22:51;7.62;0;7.62;0;7.62;0;;
22.07.2017 22:52;7.61;0;7.61;0;7.61;0;;
22.07.2017 22:53;7.623333333;0;7.623333333;0;7.623333333;0;;
22.07.2017 22:54;7.143333333;0;7.143333333;0;7.143333333;0;;
22.07.2017 22:55;7.153333333;0;7.153333333;0;7.153333333;0;;
22.07.2017 22:56;7.156666667;0;7.156666667;0;7.156666667;0;;
22.07.2017 22:57;7.146666667;0;7.146666667;0;7.146666667;0;;
22.07.2017 22:58;7.156666667;0;7.156666667;0;7.156666667;0;;
22.07.2017 22:59;6.91;0;6.91;0;6.91;0;;
22.07.2017 23:00;6.903333333;0;6.903333333;0;6.903333333;0;;
22.07.2017 23:01;6.906666667;0;6.906666667;0;6.906666667;0;;
22.07.2017 23:02;6.92;0;6.92;0;6.92;0;;
22.07.2017 23:03;6.9;0;6.9;0;6.9;0;;
22.07.2017 23:04;6.91;0;6.91;0;6.91;0;;
22.07.2017 23:05;6.893333333;0;6.893333333;0;6.893333333;0;;
22.07.2017 23:06;6.913333333;0;6.913333333;0;6.913333333;0;;
22.07.2017 23:07;6.926666667;0;6.926666667;0;6.926666667;0;;
22.07.2017 23:08;6.923333333;0;6.923333333;0;6.923333333;0;;
22.07.2017 23:09;6.95;0;6.95;0;6.95;0;;
22.07.2017 23:10;6.93;0;6.93;0;6.93;0;;
22.07.2017 23:11;6.92;0;6.92;0;6.92;0;;
22.07.2017 23:12;6.926666667;0;6.926666667;0;6.926666667;0;;
22.07.2017 23:13;6.926666667;0;6.926666667;0;6.926666667;0;;
22.07.2017 23:14;6.923333333;0;6.923333333;0;6.923333333;0;;
22.07.2017 23:15;6.913333333;0;6.913333333;0;6.913333333;0;;
22.07.2017 23:16;6.91;0;6.91;0;6.91;0;;
22.07.2017 23:17;6.92;0;6.92;0;6.92;0;;
22.07.2017 23:18;6.913333333;0;6.913333333;0;6.913333333;0;;
22.07.2017 23:19;6.923333333;0;6.923333333;0;6.923333333;0;;
22.07.2017 23:20;6.913333333;0;6.913333333;0;6.913333333;0;;
22.07.2017 23:21;6.93;0;6.93;0;6.93;0;;
22.07.2017 23:22;6.933333333;0;6.933333333;0;6.933333333;0;;
22.07.2017 23:23;6.946666667;0;6.946666667;0;6.946666667;0;;
22.07.2017 23:24;6.943333333;0;6.943333333;0;6.943333333;0;;
22.07.2017 23:25;6.906666667;0;6.906666667;0;6.906666667;0;;
22.07.2017 23:26;6.936666667;0;6.936666667;0;6.936666667;0;;
22.07.2017 23:27;6.9;0;6.9;0;6.9;0;;
22.07.2017 23:28;6.91;0;6.91;0;6.91;0;;
22.07.2017 23:29;6.926666667;0;6.926666667;0;6.926666667;0;;
22.07.2017 23:30;6.93;0;6.93;0;6.93;0;;
22.07.2017 23:31;6.913333333;0;6.913333333;0;6.913333333;0;;
22.07.2017 23:32;6.926666667;0;6.926666667;0;6.926666667;0;;
22.07.2017 23:33;6.916666667;0;6.916666667;0;6.916666667;0;;
22.07.2017 23:34;6.93;0;6.93;0;6.93;0;;
22.07.2017 23:35;6.923333333;0;6.923333333;0;6.923333333;0;;
22.07.2017 23:36;6.936666667;0;6.936666667;0;6.936666667;0;;
22.07.2017 23:37;6.933333333;0;6.933333333;0;6.933333333;0;;
22.07.2017 23:38;6.913333333;0;6.913333333;0;6.913333333;0;;
22.07.2017 23:39;6.906666667;0;6.906666667;0;6.906666667;0;;
22.07.2017 23:40;6.906666667;0;6.906666667;0;6.906666667;0;;
22.07.2017 23:41;6.906666667;0;6.906666667;0;6.906666667;0;;
22.07.2017 23:42;6.923333333;0;6.923333333;0;6.923333333;0;;
22.07.2017 23:43;6.916666667;0;6.916666667;0;6.916666667;0;;
22.07.2017 23:44;6.933333333;0;6.933333333;0;6.933333333;0;;
22.07.2017 23:45;6.926666667;0;6.926666667;0;6.926666667;0;;
22.07.2017 23:46;6.923333333;0;6.923333333;0;6.923333333;0;;
22.07.2017 23:47;6.933333333;0;6.933333333;0;6.933333333;0;;
22.07.2017 23:48;6.923333333;0;6.923333333;0;6.923333333;0;;
22.07.2017 23:49;6.943333333;0;6.943333333;0;6.943333333;0;;
22.07.2017 23:50;6.946666667;0;6.946666667;0;6.946666667;0;;
22.07.2017 23:51;6.956666667;0;6.956666667;0;6.956666667;0;;
22.07.2017 23:52;6.453333333;0;6.453333333;0;6.453333333;0;;
22.07.2017 23:53;6.453333333;0;6.453333333;0;6.453333333;0;;
22.07.2017 23:54;6.453333333;0;6.453333333;0;6.453333333;0;;
22.07.2017 23:55;4.303333333;0;4.303333333;0;4.303333333;0;;
22.07.2017 23:56;6.45;0;6.45;0;6.45;0;;
22.07.2017 23:57;6.446666667;0;6.446666667;0;6.446666667;0;;
22.07.2017 23:58;6.46;0;6.46;0;6.46;0;;
22.07.2017 23:59;6.453333333;0;6.453333333;0;6.453333333;0;;
